id,name,region,lang,currency,archetype,tier,topic,products,price_min,price_max,providers,referral_percent,port,path
ru-001-invest-start,ИнвестСтарт,ru,ru,RUB,course,standard,инвестиции,3,1480.0,8930.0,yookassa|sbp|cryptobot|manual,25,9000,bots/ru/001-invest-start
ru-002-dividend-club,Дивидендный клуб,ru,ru,RUB,club,premium,дивидендные акции,3,4890.0,39190.0,yookassa|sbp|cryptobot|manual,20,9001,bots/ru/002-dividend-club
ru-003-bond-lab,Облигации Лаб,ru,ru,RUB,course,standard,облигации,3,1480.0,8930.0,yookassa|sbp|cryptobot|manual,25,9002,bots/ru/003-bond-lab
ru-004-trader-signals,Трейдер Сигналы,ru,ru,RUB,signals,premium,трейдинг,3,2190.0,17140.0,yookassa|sbp|cryptobot|manual,20,9003,bots/ru/004-trader-signals
ru-005-finplan-pro,ФинПлан Про,ru,ru,RUB,consult,premium,финансовое планирование,3,4890.0,36740.0,yookassa|sbp|cryptobot|manual,10,9004,bots/ru/005-finplan-pro
ru-006-debt-free,Долги Стоп,ru,ru,RUB,course,budget,закрытие долгов,3,480.0,2930.0,yookassa|sbp|cryptobot|stars|manual,25,9005,bots/ru/006-debt-free
ru-007-budget-family,Семейный Бюджет,ru,ru,RUB,saas,budget,семейный бюджет,3,380.0,2440.0,yookassa|sbp|cryptobot|stars|manual,20,9006,bots/ru/007-budget-family
ru-008-pension-plan,Пенсия Сам,ru,ru,RUB,course,standard,пенсионные накопления,3,1480.0,8930.0,yookassa|sbp|cryptobot|manual,25,9007,bots/ru/008-pension-plan
ru-009-tax-refund,Налог Возврат,ru,ru,RUB,service,standard,налоговые вычеты,3,1480.0,7440.0,yookassa|sbp|cryptobot|manual,10,9008,bots/ru/009-tax-refund
ru-010-credit-score,Кредитный Рейтинг,ru,ru,RUB,service,standard,кредитная история,3,1480.0,7440.0,yookassa|sbp|cryptobot|manual,10,9009,bots/ru/010-credit-score
ru-011-ipo-radar,IPO Радар,ru,ru,RUB,signals,premium,IPO,3,2190.0,17140.0,yookassa|sbp|cryptobot|manual,20,9010,bots/ru/011-ipo-radar
ru-012-etf-portfolio,ETF Портфель,ru,ru,RUB,course,standard,ETF,3,1480.0,8930.0,yookassa|sbp|cryptobot|manual,25,9011,bots/ru/012-etf-portfolio
ru-013-forex-academy,Форекс Академия,ru,ru,RUB,course,premium,форекс,3,4890.0,29390.0,yookassa|sbp|cryptobot|manual,25,9012,bots/ru/013-forex-academy
ru-014-options-desk,Опционный Стол,ru,ru,RUB,club,elite,опционы,3,14890.0,119190.0,yookassa|sbp|cryptobot|manual,20,9013,bots/ru/014-options-desk
ru-015-bank-deals,Банк Выгода,ru,ru,RUB,signals,budget,банковские продукты,3,210.0,1710.0,yookassa|sbp|cryptobot|stars|manual,20,9014,bots/ru/015-bank-deals
ru-016-realty-invest,Недвижка Инвест,ru,ru,RUB,course,premium,инвестиции в недвижимость,3,4890.0,29390.0,yookassa|sbp|cryptobot|manual,25,9015,bots/ru/016-realty-invest
ru-017-passive-income,Пассивный Доход,ru,ru,RUB,club,standard,пассивный доход,3,1480.0,11910.0,yookassa|sbp|cryptobot|manual,20,9016,bots/ru/017-passive-income
ru-018-insurance-check,Страховка Чек,ru,ru,RUB,consult,standard,страхование,3,1480.0,11170.0,yookassa|sbp|cryptobot|manual,10,9017,bots/ru/018-insurance-check
ru-019-crypto-base,Крипта База,ru,ru,RUB,course,standard,криптовалюты,3,1480.0,8930.0,yookassa|sbp|cryptobot|ton|manual,25,9018,bots/ru/019-crypto-base
ru-020-defi-farm,DeFi Ферма,ru,ru,RUB,club,premium,DeFi,3,4890.0,39190.0,yookassa|sbp|cryptobot|ton|manual,20,9019,bots/ru/020-defi-farm
ru-021-nft-drop,NFT Дроп,ru,ru,RUB,signals,standard,NFT,3,660.0,5210.0,yookassa|sbp|cryptobot|ton|manual,20,9020,bots/ru/021-nft-drop
ru-022-airdrop-hunter,Аирдроп Хантер,ru,ru,RUB,club,standard,аирдропы,3,1480.0,11910.0,yookassa|sbp|cryptobot|ton|manual,20,9021,bots/ru/022-airdrop-hunter
ru-023-btc-cycle,BTC Цикл,ru,ru,RUB,signals,premium,биткоин,3,2190.0,17140.0,yookassa|sbp|cryptobot|ton|manual,20,9022,bots/ru/023-btc-cycle
ru-024-altcoin-scan,Альт Скан,ru,ru,RUB,signals,premium,альткоины,3,2190.0,17140.0,yookassa|sbp|cryptobot|ton|manual,20,9023,bots/ru/024-altcoin-scan
ru-025-p2p-arbitrage,P2P Арбитраж,ru,ru,RUB,course,premium,P2P-арбитраж,3,4890.0,29390.0,yookassa|sbp|cryptobot|ton|manual,25,9024,bots/ru/025-p2p-arbitrage
ru-026-mining-calc,Майнинг Калькулятор,ru,ru,RUB,saas,standard,майнинг,3,1180.0,7440.0,yookassa|sbp|cryptobot|ton|manual,20,9025,bots/ru/026-mining-calc
ru-027-ton-dev,TON Разработка,ru,ru,RUB,course,premium,разработка на TON,3,4890.0,29390.0,yookassa|sbp|cryptobot|ton|manual,25,9026,bots/ru/027-ton-dev
ru-028-crypto-tax-ru,Крипта Налог,ru,ru,RUB,service,premium,налоги на крипту,3,4890.0,24490.0,yookassa|sbp|cryptobot|ton|manual,10,9027,bots/ru/028-crypto-tax-ru
ru-029-wallet-secure,Кошелёк Защита,ru,ru,RUB,course,budget,безопасность криптокошельков,3,480.0,2930.0,yookassa|sbp|cryptobot|stars|ton|manual,25,9028,bots/ru/029-wallet-secure
ru-030-stables-yield,Стейбл Доход,ru,ru,RUB,club,standard,стейблкоины,3,1480.0,11910.0,yookassa|sbp|cryptobot|ton|manual,20,9029,bots/ru/030-stables-yield
ru-031-web3-jobs,Web3 Работа,ru,ru,RUB,club,standard,работа в web3,3,1480.0,11910.0,yookassa|sbp|cryptobot|ton|manual,20,9030,bots/ru/031-web3-jobs
ru-032-trading-bots,Торговый Бот,ru,ru,RUB,saas,premium,торговые боты,3,3910.0,24490.0,yookassa|sbp|cryptobot|manual,20,9031,bots/ru/032-trading-bots
ru-033-english-daily,Английский Каждый День,ru,ru,RUB,club,budget,английский язык,3,480.0,3910.0,yookassa|sbp|cryptobot|stars|manual,20,9032,bots/ru/033-english-daily
ru-034-ielts-target,IELTS Цель,ru,ru,RUB,course,premium,IELTS,3,4890.0,29390.0,yookassa|sbp|cryptobot|manual,25,9033,bots/ru/034-ielts-target
ru-035-chinese-start,Китайский Старт,ru,ru,RUB,course,standard,китайский язык,3,1480.0,8930.0,yookassa|sbp|cryptobot|manual,25,9034,bots/ru/035-chinese-start
ru-036-spanish-club,Испанский Клуб,ru,ru,RUB,club,standard,испанский язык,3,1480.0,11910.0,yookassa|sbp|cryptobot|manual,20,9035,bots/ru/036-spanish-club
ru-037-ege-math,ЕГЭ Математика,ru,ru,RUB,course,standard,ЕГЭ по математике,3,1480.0,8930.0,yookassa|sbp|cryptobot|manual,25,9036,bots/ru/037-ege-math
ru-038-ege-russian,ЕГЭ Русский,ru,ru,RUB,course,standard,ЕГЭ по русскому,3,1480.0,8930.0,yookassa|sbp|cryptobot|manual,25,9037,bots/ru/038-ege-russian
ru-039-oge-prep,ОГЭ Подготовка,ru,ru,RUB,club,budget,ОГЭ,3,480.0,3910.0,yookassa|sbp|cryptobot|stars|manual,20,9038,bots/ru/039-oge-prep
ru-040-kids-logic,Детская Логика,ru,ru,RUB,club,budget,развитие детей,3,480.0,3910.0,yookassa|sbp|cryptobot|stars|manual,20,9039,bots/ru/040-kids-logic
ru-041-speed-read,Скорочтение,ru,ru,RUB,course,budget,скорочтение,3,480.0,2930.0,yookassa|sbp|cryptobot|stars|manual,25,9040,bots/ru/041-speed-read
ru-042-memory-gym,Тренажёр Памяти,ru,ru,RUB,saas,budget,тренировка памяти,3,380.0,2440.0,yookassa|sbp|cryptobot|stars|manual,20,9041,bots/ru/042-memory-gym
ru-043-essay-help,Помощь с Работой,ru,ru,RUB,service,premium,учебные работы,3,4890.0,24490.0,yookassa|sbp|cryptobot|manual,10,9042,bots/ru/043-essay-help
ru-044-uni-abroad,Универ за Рубежом,ru,ru,RUB,consult,elite,образование за рубежом,3,14890.0,111740.0,yookassa|sbp|cryptobot|manual,10,9043,bots/ru/044-uni-abroad
ru-045-prof-orient,Профориентация,ru,ru,RUB,consult,standard,профориентация,3,1480.0,11170.0,yookassa|sbp|cryptobot|manual,10,9044,bots/ru/045-prof-orient
ru-046-teacher-tools,Учитель Инструменты,ru,ru,RUB,saas,standard,инструменты для учителей,3,1180.0,7440.0,yookassa|sbp|cryptobot|manual,20,9045,bots/ru/046-teacher-tools
ru-047-music-theory,Теория Музыки,ru,ru,RUB,course,standard,теория музыки,3,1480.0,8930.0,yookassa|sbp|cryptobot|manual,25,9046,bots/ru/047-music-theory
ru-048-guitar-start,Гитара Старт,ru,ru,RUB,course,budget,игра на гитаре,3,480.0,2930.0,yookassa|sbp|cryptobot|stars|manual,25,9047,bots/ru/048-guitar-start
ru-049-public-speak,Публичные Выступления,ru,ru,RUB,course,premium,ораторское мастерство,3,4890.0,29390.0,yookassa|sbp|cryptobot|manual,25,9048,bots/ru/049-public-speak
ru-050-writing-craft,Мастерская Текста,ru,ru,RUB,club,standard,копирайтинг,3,1480.0,11910.0,yookassa|sbp|cryptobot|manual,20,9049,bots/ru/050-writing-craft
ru-051-chess-school,Шахматная Школа,ru,ru,RUB,club,standard,шахматы,3,1480.0,11910.0,yookassa|sbp|cryptobot|manual,20,9050,bots/ru/051-chess-school
ru-052-math-olymp,Олимпиадная Математика,ru,ru,RUB,club,standard,олимпиадная математика,3,1480.0,11910.0,yookassa|sbp|cryptobot|manual,20,9051,bots/ru/052-math-olymp
ru-053-fit-home,Фит Дома,ru,ru,RUB,club,budget,домашние тренировки,3,480.0,3910.0,yookassa|sbp|cryptobot|stars|manual,20,9052,bots/ru/053-fit-home
ru-054-gym-program,Зал Программа,ru,ru,RUB,course,standard,тренировки в зале,3,1480.0,8930.0,yookassa|sbp|cryptobot|manual,25,9053,bots/ru/054-gym-program
ru-055-nutrition-plan,План Питания,ru,ru,RUB,service,standard,питание,3,1480.0,7440.0,yookassa|sbp|cryptobot|manual,10,9054,bots/ru/055-nutrition-plan
ru-056-keto-guide,Кето Гид,ru,ru,RUB,course,standard,кето-диета,3,1480.0,8930.0,yookassa|sbp|cryptobot|manual,25,9055,bots/ru/056-keto-guide
ru-057-run-coach,Беговой Тренер,ru,ru,RUB,club,standard,бег,3,1480.0,11910.0,yookassa|sbp|cryptobot|manual,20,9056,bots/ru/057-run-coach
ru-058-yoga-daily,Йога Каждый День,ru,ru,RUB,club,budget,йога,3,480.0,3910.0,yookassa|sbp|cryptobot|stars|manual,20,9057,bots/ru/058-yoga-daily
ru-059-sleep-fix,Сон Наладить,ru,ru,RUB,course,budget,качество сна,3,480.0,2930.0,yookassa|sbp|cryptobot|stars|manual,25,9058,bots/ru/059-sleep-fix
ru-060-back-health,Здоровая Спина,ru,ru,RUB,course,standard,здоровье спины,3,1480.0,8930.0,yookassa|sbp|cryptobot|manual,25,9059,bots/ru/060-back-health
ru-061-women-health,Женское Здоровье,ru,ru,RUB,club,standard,женское здоровье,3,1480.0,11910.0,yookassa|sbp|cryptobot|manual,20,9060,bots/ru/061-women-health
ru-062-mens-power,Мужская Форма,ru,ru,RUB,club,standard,мужское здоровье,3,1480.0,11910.0,yookassa|sbp|cryptobot|manual,20,9061,bots/ru/062-mens-power
ru-063-quit-smoking,Бросить Курить,ru,ru,RUB,course,budget,отказ от курения,3,480.0,2930.0,yookassa|sbp|cryptobot|stars|manual,25,9062,bots/ru/063-quit-smoking
ru-064-detox-week,Детокс Неделя,ru,ru,RUB,course,budget,детокс,3,480.0,2930.0,yookassa|sbp|cryptobot|stars|manual,25,9063,bots/ru/064-detox-week
ru-065-mama-fit,Мама в Форме,ru,ru,RUB,club,standard,фитнес для мам,3,1480.0,11910.0,yookassa|sbp|cryptobot|manual,20,9064,bots/ru/065-mama-fit
ru-066-senior-fit,Актив 50+,ru,ru,RUB,club,budget,фитнес 50+,3,480.0,3910.0,yookassa|sbp|cryptobot|stars|manual,20,9065,bots/ru/066-senior-fit
ru-067-supplement-guide,Нутрициолог Онлайн,ru,ru,RUB,consult,premium,нутрициология,3,4890.0,36740.0,yookassa|sbp|cryptobot|manual,10,9066,bots/ru/067-supplement-guide
ru-068-marathon-prep,Марафон Подготовка,ru,ru,RUB,course,premium,марафон,3,4890.0,29390.0,yookassa|sbp|cryptobot|manual,25,9067,bots/ru/068-marathon-prep
ru-069-swim-tech,Техника Плавания,ru,ru,RUB,course,standard,плавание,3,1480.0,8930.0,yookassa|sbp|cryptobot|manual,25,9068,bots/ru/069-swim-tech
ru-070-bio-age,Биовозраст,ru,ru,RUB,service,elite,биохакинг,3,14890.0,74490.0,yookassa|sbp|cryptobot|manual,10,9069,bots/ru/070-bio-age
ru-071-skin-care,Косметолог Онлайн,ru,ru,RUB,consult,standard,уход за кожей,3,1480.0,11170.0,yookassa|sbp|cryptobot|manual,10,9070,bots/ru/071-skin-care
ru-072-makeup-school,Школа Макияжа,ru,ru,RUB,course,standard,макияж,3,1480.0,8930.0,yookassa|sbp|cryptobot|manual,25,9071,bots/ru/072-makeup-school
ru-073-hair-care,Уход за Волосами,ru,ru,RUB,course,budget,уход за волосами,3,480.0,2930.0,yookassa|sbp|cryptobot|stars|manual,25,9072,bots/ru/073-hair-care
ru-074-nails-pro,Ногтевой Сервис,ru,ru,RUB,course,premium,маникюр,3,4890.0,29390.0,yookassa|sbp|cryptobot|manual,25,9073,bots/ru/074-nails-pro
ru-075-brows-master,Мастер Бровей,ru,ru,RUB,course,standard,брови,3,1480.0,8930.0,yookassa|sbp|cryptobot|manual,25,9074,bots/ru/075-brows-master
ru-076-style-guide,Стилист Онлайн,ru,ru,RUB,consult,premium,стиль и гардероб,3,4890.0,36740.0,yookassa|sbp|cryptobot|manual,10,9075,bots/ru/076-style-guide
ru-077-perfume-club,Парфюм Клуб,ru,ru,RUB,club,budget,парфюмерия,3,480.0,3910.0,yookassa|sbp|cryptobot|stars|manual,20,9076,bots/ru/077-perfume-club
ru-078-spa-home,SPA Дома,ru,ru,RUB,course,budget,домашний уход,3,480.0,2930.0,yookassa|sbp|cryptobot|stars|manual,25,9077,bots/ru/078-spa-home
ru-079-beauty-shop,Бьюти Гайды,ru,ru,RUB,shop,budget,бьюти-гайды,4,280.0,2190.0,yookassa|sbp|cryptobot|stars|manual,30,9078,bots/ru/079-beauty-shop
ru-080-tattoo-book,Тату Запись,ru,ru,RUB,leadgen,standard,татуировки,3,510.0,5950.0,yookassa|sbp|cryptobot|manual,5,9079,bots/ru/080-tattoo-book
ru-081-smm-factory,SMM Фабрика,ru,ru,RUB,service,premium,SMM,3,4890.0,24490.0,yookassa|sbp|cryptobot|manual,10,9080,bots/ru/081-smm-factory
ru-082-target-ads,Таргет Про,ru,ru,RUB,course,premium,таргетированная реклама,3,4890.0,29390.0,yookassa|sbp|cryptobot|manual,25,9081,bots/ru/082-target-ads
ru-083-marketplace-wb,Wildberries Старт,ru,ru,RUB,course,premium,торговля на Wildberries,3,4890.0,29390.0,yookassa|sbp|cryptobot|manual,25,9082,bots/ru/083-marketplace-wb
ru-084-ozon-seller,Ozon Продавец,ru,ru,RUB,course,premium,торговля на Ozon,3,4890.0,29390.0,yookassa|sbp|cryptobot|manual,25,9083,bots/ru/084-ozon-seller
ru-085-avito-flow,Авито Поток,ru,ru,RUB,course,standard,продажи на Авито,3,1480.0,8930.0,yookassa|sbp|cryptobot|manual,25,9084,bots/ru/085-avito-flow
ru-086-sales-script,Скрипты Продаж,ru,ru,RUB,shop,standard,скрипты продаж,4,880.0,6690.0,yookassa|sbp|cryptobot|ton|manual,30,9085,bots/ru/086-sales-script
ru-087-crm-setup,CRM Внедрение,ru,ru,RUB,service,elite,внедрение CRM,3,14890.0,74490.0,yookassa|sbp|cryptobot|manual,10,9086,bots/ru/087-crm-setup
ru-088-unit-econ,Юнит-Экономика,ru,ru,RUB,course,premium,юнит-экономика,3,4890.0,29390.0,yookassa|sbp|cryptobot|manual,25,9087,bots/ru/088-unit-econ
ru-089-brand-pack,Бренд Пакет,ru,ru,RUB,service,premium,брендинг,3,4890.0,24490.0,yookassa|sbp|cryptobot|manual,10,9088,bots/ru/089-brand-pack
ru-090-content-plan,Контент План,ru,ru,RUB,saas,standard,контент-маркетинг,3,1180.0,7440.0,yookassa|sbp|cryptobot|manual,20,9089,bots/ru/090-content-plan
ru-091-email-flow,Email Воронки,ru,ru,RUB,course,standard,email-маркетинг,3,1480.0,8930.0,yookassa|sbp|cryptobot|manual,25,9090,bots/ru/091-email-flow
ru-092-seo-boost,SEO Рост,ru,ru,RUB,service,elite,SEO,3,14890.0,74490.0,yookassa|sbp|cryptobot|manual,10,9091,bots/ru/092-seo-boost
ru-093-landing-fast,Лендинг Быстро,ru,ru,RUB,service,premium,лендинги,3,4890.0,24490.0,yookassa|sbp|cryptobot|manual,10,9092,bots/ru/093-landing-fast
ru-094-hr-hiring,Найм Без Боли,ru,ru,RUB,course,premium,подбор персонала,3,4890.0,29390.0,yookassa|sbp|cryptobot|manual,25,9093,bots/ru/094-hr-hiring
ru-095-franchise-buy,Франшиза Аудит,ru,ru,RUB,consult,elite,франшизы,3,14890.0,111740.0,yookassa|sbp|cryptobot|manual,10,9094,bots/ru/095-franchise-buy
ru-096-business-plan,Бизнес-План,ru,ru,RUB,service,premium,бизнес-планы,3,4890.0,24490.0,yookassa|sbp|cryptobot|manual,10,9095,bots/ru/096-business-plan
ru-097-import-china,Импорт из Китая,ru,ru,RUB,course,premium,импорт из Китая,3,4890.0,29390.0,yookassa|sbp|cryptobot|manual,25,9096,bots/ru/097-import-china
ru-098-tender-win,Тендеры 44-ФЗ,ru,ru,RUB,course,premium,тендеры,3,4890.0,29390.0,yookassa|sbp|cryptobot|manual,25,9097,bots/ru/098-tender-win
ru-099-local-biz,Локальный Бизнес,ru,ru,RUB,leadgen,standard,локальный маркетинг,3,510.0,5950.0,yookassa|sbp|cryptobot|manual,5,9098,bots/ru/099-local-biz
ru-100-ads-audit,Аудит Рекламы,ru,ru,RUB,consult,premium,аудит рекламы,3,4890.0,36740.0,yookassa|sbp|cryptobot|manual,10,9099,bots/ru/100-ads-audit
ru-101-python-start,Python Старт,ru,ru,RUB,course,standard,Python,3,1480.0,8930.0,yookassa|sbp|cryptobot|manual,25,9100,bots/ru/101-python-start
ru-102-frontend-job,Фронтенд Работа,ru,ru,RUB,course,premium,фронтенд,3,4890.0,29390.0,yookassa|sbp|cryptobot|manual,25,9101,bots/ru/102-frontend-job
ru-103-qa-manual,QA Тестировщик,ru,ru,RUB,course,standard,тестирование ПО,3,1480.0,8930.0,yookassa|sbp|cryptobot|manual,25,9102,bots/ru/103-qa-manual
ru-104-devops-lab,DevOps Лаб,ru,ru,RUB,course,elite,DevOps,3,14890.0,89390.0,yookassa|sbp|cryptobot|manual,25,9103,bots/ru/104-devops-lab
ru-105-data-analyst,Аналитик Данных,ru,ru,RUB,course,premium,аналитика данных,3,4890.0,29390.0,yookassa|sbp|cryptobot|manual,25,9104,bots/ru/105-data-analyst
ru-106-ml-practice,ML Практика,ru,ru,RUB,club,premium,машинное обучение,3,4890.0,39190.0,yookassa|sbp|cryptobot|manual,20,9105,bots/ru/106-ml-practice
ru-107-bot-dev,Разработка Ботов,ru,ru,RUB,course,premium,разработка ботов,3,4890.0,29390.0,yookassa|sbp|cryptobot|manual,25,9106,bots/ru/107-bot-dev
ru-108-game-dev,Геймдев Старт,ru,ru,RUB,course,premium,разработка игр,3,4890.0,29390.0,yookassa|sbp|cryptobot|manual,25,9107,bots/ru/108-game-dev
ru-109-mobile-dev,Мобильная Разработка,ru,ru,RUB,course,premium,мобильная разработка,3,4890.0,29390.0,yookassa|sbp|cryptobot|manual,25,9108,bots/ru/109-mobile-dev
ru-110-it-resume,IT Резюме,ru,ru,RUB,service,standard,трудоустройство в IT,3,1480.0,7440.0,yookassa|sbp|cryptobot|manual,10,9109,bots/ru/110-it-resume
ru-111-code-review,Код Ревью,ru,ru,RUB,consult,premium,код-ревью,3,4890.0,36740.0,yookassa|sbp|cryptobot|manual,10,9110,bots/ru/111-code-review
ru-112-freelance-it,IT Фриланс,ru,ru,RUB,club,standard,IT-фриланс,3,1480.0,11910.0,yookassa|sbp|cryptobot|manual,20,9111,bots/ru/112-freelance-it
ru-113-cyber-def,Кибербезопасность,ru,ru,RUB,course,elite,кибербезопасность,3,14890.0,89390.0,yookassa|sbp|cryptobot|manual,25,9112,bots/ru/113-cyber-def
ru-114-linux-admin,Linux Админ,ru,ru,RUB,course,premium,администрирование Linux,3,4890.0,29390.0,yookassa|sbp|cryptobot|manual,25,9113,bots/ru/114-linux-admin
ru-115-nocode-app,Nocode Приложения,ru,ru,RUB,course,standard,no-code,3,1480.0,8930.0,yookassa|sbp|cryptobot|manual,25,9114,bots/ru/115-nocode-app
ru-116-ai-tools,Нейросети Практика,ru,ru,RUB,club,standard,нейросети,3,1480.0,11910.0,yookassa|sbp|cryptobot|manual,20,9115,bots/ru/116-ai-tools
ru-117-repair-flat,Ремонт Квартир,ru,ru,RUB,leadgen,premium,ремонт квартир,3,1710.0,19590.0,yookassa|sbp|cryptobot|manual,5,9116,bots/ru/117-repair-flat
ru-118-clean-service,Клининг Заказ,ru,ru,RUB,leadgen,standard,клининг,3,510.0,5950.0,yookassa|sbp|cryptobot|manual,5,9117,bots/ru/118-clean-service
ru-119-moving-help,Переезд Просто,ru,ru,RUB,leadgen,standard,переезды,3,510.0,5950.0,yookassa|sbp|cryptobot|manual,5,9118,bots/ru/119-moving-help
ru-120-plumber-call,Сантехник Вызов,ru,ru,RUB,leadgen,standard,сантехника,3,510.0,5950.0,yookassa|sbp|cryptobot|manual,5,9119,bots/ru/120-plumber-call
ru-121-electric-call,Электрик Вызов,ru,ru,RUB,leadgen,standard,электрика,3,510.0,5950.0,yookassa|sbp|cryptobot|manual,5,9120,bots/ru/121-electric-call
ru-122-furniture-make,Мебель на Заказ,ru,ru,RUB,leadgen,premium,мебель на заказ,3,1710.0,19590.0,yookassa|sbp|cryptobot|manual,5,9121,bots/ru/122-furniture-make
ru-123-window-fit,Окна Установка,ru,ru,RUB,leadgen,premium,остекление,3,1710.0,19590.0,yookassa|sbp|cryptobot|manual,5,9122,bots/ru/123-window-fit
ru-124-garden-care,Уход за Участком,ru,ru,RUB,leadgen,standard,уход за участком,3,510.0,5950.0,yookassa|sbp|cryptobot|manual,5,9123,bots/ru/124-garden-care
ru-125-pet-care,Передержка Питомцев,ru,ru,RUB,leadgen,budget,уход за питомцами,3,160.0,1950.0,yookassa|sbp|cryptobot|stars|manual,5,9124,bots/ru/125-pet-care
ru-126-kids-party,Детский Праздник,ru,ru,RUB,leadgen,standard,детские праздники,3,510.0,5950.0,yookassa|sbp|cryptobot|manual,5,9125,bots/ru/126-kids-party
ru-127-photo-book,Фотограф Запись,ru,ru,RUB,leadgen,standard,фотосъёмка,3,510.0,5950.0,yookassa|sbp|cryptobot|manual,5,9126,bots/ru/127-photo-book
ru-128-wedding-plan,Свадебный Организатор,ru,ru,RUB,consult,elite,организация свадеб,3,14890.0,111740.0,yookassa|sbp|cryptobot|manual,10,9127,bots/ru/128-wedding-plan
ru-129-tutor-find,Подбор Репетитора,ru,ru,RUB,leadgen,standard,репетиторы,3,510.0,5950.0,yookassa|sbp|cryptobot|manual,5,9128,bots/ru/129-tutor-find
ru-130-laundry-pick,Химчистка Доставка,ru,ru,RUB,leadgen,budget,химчистка,3,160.0,1950.0,yookassa|sbp|cryptobot|stars|manual,5,9129,bots/ru/130-laundry-pick
ru-131-locksmith-24,Вскрытие Замков,ru,ru,RUB,leadgen,standard,вскрытие замков,3,510.0,5950.0,yookassa|sbp|cryptobot|manual,5,9130,bots/ru/131-locksmith-24
ru-132-appliance-fix,Ремонт Техники,ru,ru,RUB,leadgen,standard,ремонт бытовой техники,3,510.0,5950.0,yookassa|sbp|cryptobot|manual,5,9131,bots/ru/132-appliance-fix
ru-133-photo-school,Школа Фото,ru,ru,RUB,course,standard,фотография,3,1480.0,8930.0,yookassa|sbp|cryptobot|manual,25,9132,bots/ru/133-photo-school
ru-134-video-edit,Монтаж Видео,ru,ru,RUB,course,standard,видеомонтаж,3,1480.0,8930.0,yookassa|sbp|cryptobot|manual,25,9133,bots/ru/134-video-edit
ru-135-draw-basics,Рисование с Нуля,ru,ru,RUB,course,budget,рисование,3,480.0,2930.0,yookassa|sbp|cryptobot|stars|manual,25,9134,bots/ru/135-draw-basics
ru-136-pottery-club,Керамика Клуб,ru,ru,RUB,club,standard,керамика,3,1480.0,11910.0,yookassa|sbp|cryptobot|manual,20,9135,bots/ru/136-pottery-club
ru-137-knit-patterns,Вязание Схемы,ru,ru,RUB,shop,budget,вязание,4,280.0,2190.0,yookassa|sbp|cryptobot|stars|manual,30,9136,bots/ru/137-knit-patterns
ru-138-cook-school,Кулинарная Школа,ru,ru,RUB,club,budget,кулинария,3,480.0,3910.0,yookassa|sbp|cryptobot|stars|manual,20,9137,bots/ru/138-cook-school
ru-139-bake-pro,Кондитер Про,ru,ru,RUB,course,premium,кондитерское дело,3,4890.0,29390.0,yookassa|sbp|cryptobot|manual,25,9138,bots/ru/139-bake-pro
ru-140-wine-club,Винный Клуб,ru,ru,RUB,club,standard,вино,3,1480.0,11910.0,yookassa|sbp|cryptobot|manual,20,9139,bots/ru/140-wine-club
ru-141-garden-home,Домашний Сад,ru,ru,RUB,club,budget,комнатные растения,3,480.0,3910.0,yookassa|sbp|cryptobot|stars|manual,20,9140,bots/ru/141-garden-home
ru-142-fish-spots,Рыбные Места,ru,ru,RUB,club,budget,рыбалка,3,480.0,3910.0,yookassa|sbp|cryptobot|stars|manual,20,9141,bots/ru/142-fish-spots
ru-143-hunt-gear,Охота Снаряжение,ru,ru,RUB,shop,standard,охота,4,880.0,6690.0,yookassa|sbp|cryptobot|manual,30,9142,bots/ru/143-hunt-gear
ru-144-model-craft,Моделизм,ru,ru,RUB,shop,standard,моделизм,4,880.0,6690.0,yookassa|sbp|cryptobot|manual,30,9143,bots/ru/144-model-craft
ru-145-music-prod,Продюсирование Музыки,ru,ru,RUB,course,premium,музыкальное продюсирование,3,4890.0,29390.0,yookassa|sbp|cryptobot|manual,25,9144,bots/ru/145-music-prod
ru-146-dance-home,Танцы Дома,ru,ru,RUB,club,budget,танцы,3,480.0,3910.0,yookassa|sbp|cryptobot|stars|manual,20,9145,bots/ru/146-dance-home
ru-147-cheap-flights,Дешёвые Билеты,ru,ru,RUB,signals,budget,авиабилеты,3,210.0,1710.0,yookassa|sbp|cryptobot|stars|manual,20,9146,bots/ru/147-cheap-flights
ru-148-visa-help,Виза Помощь,ru,ru,RUB,service,premium,визы,3,4890.0,24490.0,yookassa|sbp|cryptobot|manual,10,9147,bots/ru/148-visa-help
ru-149-tour-select,Подбор Тура,ru,ru,RUB,leadgen,standard,туры,3,510.0,5950.0,yookassa|sbp|cryptobot|manual,5,9148,bots/ru/149-tour-select
ru-150-road-trip,Автопутешествия,ru,ru,RUB,shop,budget,автопутешествия,4,280.0,2190.0,yookassa|sbp|cryptobot|stars|manual,30,9149,bots/ru/150-road-trip
ru-151-hotel-deals,Отели Выгодно,ru,ru,RUB,signals,budget,отели,3,210.0,1710.0,yookassa|sbp|cryptobot|stars|manual,20,9150,bots/ru/151-hotel-deals
ru-152-relocate-help,Релокация Консультация,ru,ru,RUB,consult,elite,релокация,3,14890.0,111740.0,yookassa|sbp|cryptobot|manual,10,9151,bots/ru/152-relocate-help
ru-153-camp-gear,Походное Снаряжение,ru,ru,RUB,shop,budget,походы,4,280.0,2190.0,yookassa|sbp|cryptobot|stars|manual,30,9152,bots/ru/153-camp-gear
ru-154-city-guides,Гиды по Городам,ru,ru,RUB,shop,budget,городские гиды,4,280.0,2190.0,yookassa|sbp|cryptobot|stars|manual,30,9153,bots/ru/154-city-guides
ru-155-car-select,Подбор Авто,ru,ru,RUB,consult,premium,подбор автомобиля,3,4890.0,36740.0,yookassa|sbp|cryptobot|manual,10,9154,bots/ru/155-car-select
ru-156-car-diag,Автодиагностика,ru,ru,RUB,leadgen,standard,диагностика авто,3,510.0,5950.0,yookassa|sbp|cryptobot|manual,5,9155,bots/ru/156-car-diag
ru-157-car-parts,Автозапчасти Гид,ru,ru,RUB,shop,standard,автозапчасти,4,880.0,6690.0,yookassa|sbp|cryptobot|manual,30,9156,bots/ru/157-car-parts
ru-158-driving-exam,Экзамен ГИБДД,ru,ru,RUB,course,budget,экзамен в ГИБДД,3,480.0,2930.0,yookassa|sbp|cryptobot|stars|manual,25,9157,bots/ru/158-driving-exam
ru-159-car-tuning,Тюнинг Клуб,ru,ru,RUB,club,standard,тюнинг,3,1480.0,11910.0,yookassa|sbp|cryptobot|manual,20,9158,bots/ru/159-car-tuning
ru-160-truck-work,Дальнобой Работа,ru,ru,RUB,club,standard,грузоперевозки,3,1480.0,11910.0,yookassa|sbp|cryptobot|manual,20,9159,bots/ru/160-truck-work
ru-161-moto-school,Мотошкола,ru,ru,RUB,course,standard,мотоциклы,3,1480.0,8930.0,yookassa|sbp|cryptobot|manual,25,9160,bots/ru/161-moto-school
ru-162-evcar-guide,Электромобиль Гид,ru,ru,RUB,course,standard,электромобили,3,1480.0,8930.0,yookassa|sbp|cryptobot|manual,25,9161,bots/ru/162-evcar-guide
ru-163-mortgage-calc,Ипотека Консультант,ru,ru,RUB,consult,premium,ипотека,3,4890.0,36740.0,yookassa|sbp|cryptobot|manual,10,9162,bots/ru/163-mortgage-calc
ru-164-flat-buy,Покупка Квартиры,ru,ru,RUB,leadgen,elite,покупка квартиры,3,5210.0,59590.0,yookassa|sbp|cryptobot|manual,5,9163,bots/ru/164-flat-buy
ru-165-rent-flow,Аренда Поток,ru,ru,RUB,saas,standard,управление арендой,3,1180.0,7440.0,yookassa|sbp|cryptobot|manual,20,9164,bots/ru/165-rent-flow
ru-166-newbuild-scan,Новостройки Скан,ru,ru,RUB,signals,standard,новостройки,3,660.0,5210.0,yookassa|sbp|cryptobot|manual,20,9165,bots/ru/166-newbuild-scan
ru-167-dacha-build,Дом Построить,ru,ru,RUB,course,premium,строительство дома,3,4890.0,29390.0,yookassa|sbp|cryptobot|manual,25,9166,bots/ru/167-dacha-build
ru-168-interior-design,Дизайн Интерьера,ru,ru,RUB,service,elite,дизайн интерьера,3,14890.0,74490.0,yookassa|sbp|cryptobot|manual,10,9167,bots/ru/168-interior-design
ru-169-realtor-school,Школа Риелтора,ru,ru,RUB,course,premium,работа риелтором,3,4890.0,29390.0,yookassa|sbp|cryptobot|manual,25,9168,bots/ru/169-realtor-school
ru-170-land-check,Проверка Участка,ru,ru,RUB,consult,premium,земельные участки,3,4890.0,36740.0,yookassa|sbp|cryptobot|manual,10,9169,bots/ru/170-land-check
ru-171-law-consult,Юрист Онлайн,ru,ru,RUB,consult,premium,юридические консультации,3,4890.0,36740.0,yookassa|sbp|cryptobot|manual,10,9170,bots/ru/171-law-consult
ru-172-bankrupt-help,Банкротство Физлиц,ru,ru,RUB,service,elite,банкротство,3,14890.0,74490.0,yookassa|sbp|cryptobot|manual,10,9171,bots/ru/172-bankrupt-help
ru-173-ip-register,Регистрация ИП,ru,ru,RUB,service,standard,регистрация бизнеса,3,1480.0,7440.0,yookassa|sbp|cryptobot|manual,10,9172,bots/ru/173-ip-register
ru-174-accounting-out,Бухгалтерия Аутсорс,ru,ru,RUB,service,premium,бухгалтерия,3,4890.0,24490.0,yookassa|sbp|cryptobot|manual,10,9173,bots/ru/174-accounting-out
ru-175-labor-rights,Трудовые Споры,ru,ru,RUB,consult,premium,трудовое право,3,4890.0,36740.0,yookassa|sbp|cryptobot|manual,10,9174,bots/ru/175-labor-rights
ru-176-family-law,Семейный Юрист,ru,ru,RUB,consult,premium,семейное право,3,4890.0,36740.0,yookassa|sbp|cryptobot|manual,10,9175,bots/ru/176-family-law
ru-177-auto-law,Автоюрист,ru,ru,RUB,consult,premium,автоправо,3,4890.0,36740.0,yookassa|sbp|cryptobot|manual,10,9176,bots/ru/177-auto-law
ru-178-contract-check,Проверка Договора,ru,ru,RUB,service,standard,проверка договоров,3,1480.0,7440.0,yookassa|sbp|cryptobot|manual,10,9177,bots/ru/178-contract-check
ru-179-psy-online,Психолог Онлайн,ru,ru,RUB,consult,premium,психотерапия,3,4890.0,36740.0,yookassa|sbp|cryptobot|manual,10,9178,bots/ru/179-psy-online
ru-180-anxiety-help,Тревога Под Контроль,ru,ru,RUB,course,standard,тревожность,3,1480.0,8930.0,yookassa|sbp|cryptobot|manual,25,9179,bots/ru/180-anxiety-help
ru-181-burnout-fix,Выгорание Стоп,ru,ru,RUB,course,standard,выгорание,3,1480.0,8930.0,yookassa|sbp|cryptobot|manual,25,9180,bots/ru/181-burnout-fix
ru-182-relations-club,Отношения Клуб,ru,ru,RUB,club,standard,отношения,3,1480.0,11910.0,yookassa|sbp|cryptobot|manual,20,9181,bots/ru/182-relations-club
ru-183-dating-guide,Знакомства Гид,ru,ru,RUB,course,budget,знакомства,3,480.0,2930.0,yookassa|sbp|cryptobot|stars|manual,25,9182,bots/ru/183-dating-guide
ru-184-parent-school,Школа Родителей,ru,ru,RUB,club,standard,воспитание детей,3,1480.0,11910.0,yookassa|sbp|cryptobot|manual,20,9183,bots/ru/184-parent-school
ru-185-self-esteem,Самооценка,ru,ru,RUB,course,standard,самооценка,3,1480.0,8930.0,yookassa|sbp|cryptobot|manual,25,9184,bots/ru/185-self-esteem
ru-186-habits-lab,Лаборатория Привычек,ru,ru,RUB,saas,budget,привычки,3,380.0,2440.0,yookassa|sbp|cryptobot|stars|manual,20,9185,bots/ru/186-habits-lab
ru-187-meditation,Медитация Каждый День,ru,ru,RUB,club,budget,медитация,3,480.0,3910.0,yookassa|sbp|cryptobot|stars|manual,20,9186,bots/ru/187-meditation
ru-188-career-coach,Карьерный Коуч,ru,ru,RUB,consult,elite,карьерный коучинг,3,14890.0,111740.0,yookassa|sbp|cryptobot|manual,10,9187,bots/ru/188-career-coach
ru-189-cs2-boost,CS2 Прокачка,ru,ru,RUB,service,standard,CS2,3,1480.0,7440.0,yookassa|sbp|cryptobot|manual,10,9188,bots/ru/189-cs2-boost
ru-190-dota-coach,Dota Тренер,ru,ru,RUB,consult,standard,Dota 2,3,1480.0,11170.0,yookassa|sbp|cryptobot|manual,10,9189,bots/ru/190-dota-coach
ru-191-wot-guide,Танки Гайды,ru,ru,RUB,club,budget,World of Tanks,3,480.0,3910.0,yookassa|sbp|cryptobot|stars|manual,20,9190,bots/ru/191-wot-guide
ru-192-mobile-legends,Мобильные Легенды,ru,ru,RUB,club,budget,мобильные MOBA,3,480.0,3910.0,yookassa|sbp|cryptobot|stars|manual,20,9191,bots/ru/192-mobile-legends
ru-193-game-keys,Ключи Игр,ru,ru,RUB,shop,standard,ключи для игр,4,880.0,6690.0,yookassa|sbp|cryptobot|manual,30,9192,bots/ru/193-game-keys
ru-194-steam-skins,Скины Сигналы,ru,ru,RUB,signals,premium,скины CS2,3,2190.0,17140.0,yookassa|sbp|cryptobot|manual,20,9193,bots/ru/194-steam-skins
ru-195-streamer-start,Стример Старт,ru,ru,RUB,course,standard,стриминг,3,1480.0,8930.0,yookassa|sbp|cryptobot|manual,25,9194,bots/ru/195-streamer-start
ru-196-minecraft-serv,Майнкрафт Сервер,ru,ru,RUB,saas,budget,серверы Minecraft,3,380.0,2440.0,yookassa|sbp|cryptobot|stars|manual,20,9195,bots/ru/196-minecraft-serv
ru-197-fifa-trade,FIFA Трейд,ru,ru,RUB,course,standard,FIFA Ultimate Team,3,1480.0,8930.0,yookassa|sbp|cryptobot|manual,25,9196,bots/ru/197-fifa-trade
ru-198-poker-school,Покерная Школа,ru,ru,RUB,course,premium,покер,3,4890.0,29390.0,yookassa|sbp|cryptobot|manual,25,9197,bots/ru/198-poker-school
ru-199-esports-bets,Киберспорт Аналитика,ru,ru,RUB,signals,premium,киберспортивная аналитика,3,2190.0,17140.0,yookassa|sbp|cryptobot|manual,20,9198,bots/ru/199-esports-bets
ru-200-retro-games,Ретро Игры,ru,ru,RUB,shop,budget,ретро-гейминг,4,280.0,2190.0,yookassa|sbp|cryptobot|stars|manual,30,9199,bots/ru/200-retro-games
ru-201-steam,Steam Аккаунты,ru,ru,RUB,accounts,budget,аккаунты Steam,3,480.0,1660.0,yookassa|sbp|cryptobot|stars|manual,15,9200,bots/ru/201-steam
ru-202-epic-games,Epic Games Аккаунты,ru,ru,RUB,accounts,budget,аккаунты Epic Games,3,480.0,1660.0,yookassa|sbp|cryptobot|stars|manual,15,9201,bots/ru/202-epic-games
ru-203-battlenet,Battle.net Аккаунты,ru,ru,RUB,accounts,budget,аккаунты Battle.net,3,480.0,1660.0,yookassa|sbp|cryptobot|stars|manual,15,9202,bots/ru/203-battlenet
ru-204-ea-app,EA App Аккаунты,ru,ru,RUB,accounts,budget,аккаунты EA,3,480.0,1660.0,yookassa|sbp|cryptobot|stars|manual,15,9203,bots/ru/204-ea-app
ru-205-ubisoft,Ubisoft Аккаунты,ru,ru,RUB,accounts,budget,аккаунты Ubisoft Connect,3,480.0,1660.0,yookassa|sbp|cryptobot|stars|manual,15,9204,bots/ru/205-ubisoft
ru-206-gog,GOG Аккаунты,ru,ru,RUB,accounts,budget,аккаунты GOG,3,480.0,1660.0,yookassa|sbp|cryptobot|stars|manual,15,9205,bots/ru/206-gog
ru-207-riot,Riot Games Аккаунты,ru,ru,RUB,accounts,budget,аккаунты Riot,3,480.0,1660.0,yookassa|sbp|cryptobot|stars|manual,15,9206,bots/ru/207-riot
ru-208-valorant,Valorant Аккаунты,ru,ru,RUB,accounts,budget,аккаунты Valorant,3,480.0,1660.0,yookassa|sbp|cryptobot|stars|manual,15,9207,bots/ru/208-valorant
ru-209-league-legends,League of Legends Аккаунты,ru,ru,RUB,accounts,budget,аккаунты League of Legends,3,480.0,1660.0,yookassa|sbp|cryptobot|stars|manual,15,9208,bots/ru/209-league-legends
ru-210-cs2,CS2 Аккаунты,ru,ru,RUB,accounts,budget,аккаунты CS2,3,480.0,1660.0,yookassa|sbp|cryptobot|stars|manual,15,9209,bots/ru/210-cs2
ru-211-dota2,Dota 2 Аккаунты,ru,ru,RUB,accounts,budget,аккаунты Dota 2,3,480.0,1660.0,yookassa|sbp|cryptobot|stars|manual,15,9210,bots/ru/211-dota2
ru-212-pubg,PUBG Аккаунты,ru,ru,RUB,accounts,budget,аккаунты PUBG,3,480.0,1660.0,yookassa|sbp|cryptobot|stars|manual,15,9211,bots/ru/212-pubg
ru-213-fortnite,Fortnite Аккаунты,ru,ru,RUB,accounts,budget,аккаунты Fortnite,3,480.0,1660.0,yookassa|sbp|cryptobot|stars|manual,15,9212,bots/ru/213-fortnite
ru-214-roblox,Roblox Аккаунты,ru,ru,RUB,accounts,budget,аккаунты Roblox,3,480.0,1660.0,yookassa|sbp|cryptobot|stars|manual,15,9213,bots/ru/214-roblox
ru-215-minecraft,Minecraft Аккаунты,ru,ru,RUB,accounts,budget,аккаунты Minecraft,3,480.0,1660.0,yookassa|sbp|cryptobot|stars|manual,15,9214,bots/ru/215-minecraft
ru-216-gta5,GTA V Аккаунты,ru,ru,RUB,accounts,budget,аккаунты GTA V,3,480.0,1660.0,yookassa|sbp|cryptobot|stars|manual,15,9215,bots/ru/216-gta5
ru-217-rdr2,Red Dead Redemption 2 Аккаунты,ru,ru,RUB,accounts,budget,аккаунты RDR2,3,480.0,1660.0,yookassa|sbp|cryptobot|stars|manual,15,9216,bots/ru/217-rdr2
ru-218-genshin,Genshin Impact Аккаунты,ru,ru,RUB,accounts,budget,аккаунты Genshin Impact,3,480.0,1660.0,yookassa|sbp|cryptobot|stars|manual,15,9217,bots/ru/218-genshin
ru-219-honkai,Honkai Star Rail Аккаунты,ru,ru,RUB,accounts,budget,аккаунты Honkai,3,480.0,1660.0,yookassa|sbp|cryptobot|stars|manual,15,9218,bots/ru/219-honkai
ru-220-zenless,Zenless Zone Zero Аккаунты,ru,ru,RUB,accounts,budget,аккаунты Zenless,3,480.0,1660.0,yookassa|sbp|cryptobot|stars|manual,15,9219,bots/ru/220-zenless
ru-221-brawl-stars,Brawl Stars Аккаунты,ru,ru,RUB,accounts,budget,аккаунты Brawl Stars,3,480.0,1660.0,yookassa|sbp|cryptobot|stars|manual,15,9220,bots/ru/221-brawl-stars
ru-222-clash-clans,Clash of Clans Аккаунты,ru,ru,RUB,accounts,budget,аккаунты Clash of Clans,3,480.0,1660.0,yookassa|sbp|cryptobot|stars|manual,15,9221,bots/ru/222-clash-clans
ru-223-clash-royale,Clash Royale Аккаунты,ru,ru,RUB,accounts,budget,аккаунты Clash Royale,3,480.0,1660.0,yookassa|sbp|cryptobot|stars|manual,15,9222,bots/ru/223-clash-royale
ru-224-mobile-legends-acc,Mobile Legends Аккаунты,ru,ru,RUB,accounts,budget,аккаунты Mobile Legends,3,480.0,1660.0,yookassa|sbp|cryptobot|stars|manual,15,9223,bots/ru/224-mobile-legends-acc
ru-225-free-fire,Free Fire Аккаунты,ru,ru,RUB,accounts,budget,аккаунты Free Fire,3,480.0,1660.0,yookassa|sbp|cryptobot|stars|manual,15,9224,bots/ru/225-free-fire
ru-226-standoff2,Standoff 2 Аккаунты,ru,ru,RUB,accounts,budget,аккаунты Standoff 2,3,480.0,1660.0,yookassa|sbp|cryptobot|stars|manual,15,9225,bots/ru/226-standoff2
ru-227-wot,World of Tanks Аккаунты,ru,ru,RUB,accounts,budget,аккаунты World of Tanks,3,480.0,1660.0,yookassa|sbp|cryptobot|stars|manual,15,9226,bots/ru/227-wot
ru-228-warthunder,War Thunder Аккаунты,ru,ru,RUB,accounts,budget,аккаунты War Thunder,3,480.0,1660.0,yookassa|sbp|cryptobot|stars|manual,15,9227,bots/ru/228-warthunder
ru-229-warface,Warface Аккаунты,ru,ru,RUB,accounts,budget,аккаунты Warface,3,480.0,1660.0,yookassa|sbp|cryptobot|stars|manual,15,9228,bots/ru/229-warface
ru-230-rust,Rust Аккаунты,ru,ru,RUB,accounts,budget,аккаунты Rust,3,480.0,1660.0,yookassa|sbp|cryptobot|stars|manual,15,9229,bots/ru/230-rust
ru-231-apex,Apex Legends Аккаунты,ru,ru,RUB,accounts,budget,аккаунты Apex Legends,3,480.0,1660.0,yookassa|sbp|cryptobot|stars|manual,15,9230,bots/ru/231-apex
ru-232-overwatch,Overwatch 2 Аккаунты,ru,ru,RUB,accounts,budget,аккаунты Overwatch 2,3,480.0,1660.0,yookassa|sbp|cryptobot|stars|manual,15,9231,bots/ru/232-overwatch
ru-233-rainbow6,Rainbow Six Аккаунты,ru,ru,RUB,accounts,budget,аккаунты Rainbow Six,3,480.0,1660.0,yookassa|sbp|cryptobot|stars|manual,15,9232,bots/ru/233-rainbow6
ru-234-cod,Call of Duty Аккаунты,ru,ru,RUB,accounts,budget,аккаунты Call of Duty,3,480.0,1660.0,yookassa|sbp|cryptobot|stars|manual,15,9233,bots/ru/234-cod
ru-235-destiny2,Destiny 2 Аккаунты,ru,ru,RUB,accounts,budget,аккаунты Destiny 2,3,480.0,1660.0,yookassa|sbp|cryptobot|stars|manual,15,9234,bots/ru/235-destiny2
ru-236-wow,World of Warcraft Аккаунты,ru,ru,RUB,accounts,budget,аккаунты WoW,3,480.0,1660.0,yookassa|sbp|cryptobot|stars|manual,15,9235,bots/ru/236-wow
ru-237-ffxiv,Final Fantasy XIV Аккаунты,ru,ru,RUB,accounts,budget,аккаунты FFXIV,3,480.0,1660.0,yookassa|sbp|cryptobot|stars|manual,15,9236,bots/ru/237-ffxiv
ru-238-albion,Albion Online Аккаунты,ru,ru,RUB,accounts,budget,аккаунты Albion,3,480.0,1660.0,yookassa|sbp|cryptobot|stars|manual,15,9237,bots/ru/238-albion
ru-239-eve,EVE Online Аккаунты,ru,ru,RUB,accounts,budget,аккаунты EVE Online,3,480.0,1660.0,yookassa|sbp|cryptobot|stars|manual,15,9238,bots/ru/239-eve
ru-240-tarkov,Escape from Tarkov Аккаунты,ru,ru,RUB,accounts,budget,аккаунты Tarkov,3,480.0,1660.0,yookassa|sbp|cryptobot|stars|manual,15,9239,bots/ru/240-tarkov
ru-241-psn,PlayStation Network Аккаунты,ru,ru,RUB,accounts,budget,аккаунты PSN,3,480.0,1660.0,yookassa|sbp|cryptobot|stars|manual,15,9240,bots/ru/241-psn
ru-242-xbox,Xbox Аккаунты,ru,ru,RUB,accounts,budget,аккаунты Xbox,3,480.0,1660.0,yookassa|sbp|cryptobot|stars|manual,15,9241,bots/ru/242-xbox
ru-243-nintendo,Nintendo Аккаунты,ru,ru,RUB,accounts,budget,аккаунты Nintendo,3,480.0,1660.0,yookassa|sbp|cryptobot|stars|manual,15,9242,bots/ru/243-nintendo
ru-244-netflix,Netflix Подписки,ru,ru,RUB,accounts,budget,аккаунты Netflix,3,480.0,1660.0,yookassa|sbp|cryptobot|stars|manual,15,9243,bots/ru/244-netflix
ru-245-spotify,Spotify Подписки,ru,ru,RUB,accounts,budget,аккаунты Spotify,3,480.0,1660.0,yookassa|sbp|cryptobot|stars|manual,15,9244,bots/ru/245-spotify
ru-246-youtube-premium,YouTube Premium Подписки,ru,ru,RUB,accounts,budget,аккаунты YouTube Premium,3,480.0,1660.0,yookassa|sbp|cryptobot|stars|manual,15,9245,bots/ru/246-youtube-premium
ru-247-disney-plus,Disney+ Подписки,ru,ru,RUB,accounts,budget,аккаунты Disney+,3,480.0,1660.0,yookassa|sbp|cryptobot|stars|manual,15,9246,bots/ru/247-disney-plus
ru-248-hbo-max,HBO Max Подписки,ru,ru,RUB,accounts,budget,аккаунты HBO Max,3,480.0,1660.0,yookassa|sbp|cryptobot|stars|manual,15,9247,bots/ru/248-hbo-max
ru-249-apple-music,Apple Music Подписки,ru,ru,RUB,accounts,budget,аккаунты Apple Music,3,480.0,1660.0,yookassa|sbp|cryptobot|stars|manual,15,9248,bots/ru/249-apple-music
ru-250-apple-tv,Apple TV+ Подписки,ru,ru,RUB,accounts,budget,аккаунты Apple TV+,3,480.0,1660.0,yookassa|sbp|cryptobot|stars|manual,15,9249,bots/ru/250-apple-tv
ru-251-amazon-prime,Amazon Prime Подписки,ru,ru,RUB,accounts,budget,аккаунты Amazon Prime,3,480.0,1660.0,yookassa|sbp|cryptobot|stars|manual,15,9250,bots/ru/251-amazon-prime
ru-252-crunchyroll,Crunchyroll Подписки,ru,ru,RUB,accounts,budget,аккаунты Crunchyroll,3,480.0,1660.0,yookassa|sbp|cryptobot|stars|manual,15,9251,bots/ru/252-crunchyroll
ru-253-deezer,Deezer Подписки,ru,ru,RUB,accounts,budget,аккаунты Deezer,3,480.0,1660.0,yookassa|sbp|cryptobot|stars|manual,15,9252,bots/ru/253-deezer
ru-254-tidal,Tidal Подписки,ru,ru,RUB,accounts,budget,аккаунты Tidal,3,480.0,1660.0,yookassa|sbp|cryptobot|stars|manual,15,9253,bots/ru/254-tidal
ru-255-twitch,Twitch Подписки,ru,ru,RUB,accounts,budget,аккаунты Twitch,3,480.0,1660.0,yookassa|sbp|cryptobot|stars|manual,15,9254,bots/ru/255-twitch
ru-256-kinopoisk,Кинопоиск Подписки,ru,ru,RUB,accounts,budget,подписки Кинопоиск,3,480.0,1660.0,yookassa|sbp|cryptobot|stars|manual,15,9255,bots/ru/256-kinopoisk
ru-257-ivi,IVI Подписки,ru,ru,RUB,accounts,budget,подписки IVI,3,480.0,1660.0,yookassa|sbp|cryptobot|stars|manual,15,9256,bots/ru/257-ivi
ru-258-okko,Okko Подписки,ru,ru,RUB,accounts,budget,подписки Okko,3,480.0,1660.0,yookassa|sbp|cryptobot|stars|manual,15,9257,bots/ru/258-okko
ru-259-wink,Wink Подписки,ru,ru,RUB,accounts,budget,подписки Wink,3,480.0,1660.0,yookassa|sbp|cryptobot|stars|manual,15,9258,bots/ru/259-wink
ru-260-premier,Premier Подписки,ru,ru,RUB,accounts,budget,подписки Premier,3,480.0,1660.0,yookassa|sbp|cryptobot|stars|manual,15,9259,bots/ru/260-premier
ru-261-yandex-plus,Яндекс Плюс Подписки,ru,ru,RUB,accounts,budget,подписки Яндекс Плюс,3,480.0,1660.0,yookassa|sbp|cryptobot|stars|manual,15,9260,bots/ru/261-yandex-plus
ru-262-vk-music,VK Музыка Подписки,ru,ru,RUB,accounts,budget,подписки VK Музыка,3,480.0,1660.0,yookassa|sbp|cryptobot|stars|manual,15,9261,bots/ru/262-vk-music
ru-263-zvuk,Звук Подписки,ru,ru,RUB,accounts,budget,подписки Звук,3,480.0,1660.0,yookassa|sbp|cryptobot|stars|manual,15,9262,bots/ru/263-zvuk
ru-264-start,START Подписки,ru,ru,RUB,accounts,budget,подписки START,3,480.0,1660.0,yookassa|sbp|cryptobot|stars|manual,15,9263,bots/ru/264-start
ru-265-more-tv,MORE.TV Подписки,ru,ru,RUB,accounts,budget,подписки MORE.TV,3,480.0,1660.0,yookassa|sbp|cryptobot|stars|manual,15,9264,bots/ru/265-more-tv
ru-266-paramount,Paramount+ Подписки,ru,ru,RUB,accounts,budget,аккаунты Paramount+,3,480.0,1660.0,yookassa|sbp|cryptobot|stars|manual,15,9265,bots/ru/266-paramount
ru-267-peacock,Peacock Подписки,ru,ru,RUB,accounts,budget,аккаунты Peacock,3,480.0,1660.0,yookassa|sbp|cryptobot|stars|manual,15,9266,bots/ru/267-peacock
ru-268-hulu,Hulu Подписки,ru,ru,RUB,accounts,budget,аккаунты Hulu,3,480.0,1660.0,yookassa|sbp|cryptobot|stars|manual,15,9267,bots/ru/268-hulu
ru-269-dazn,DAZN Подписки,ru,ru,RUB,accounts,budget,аккаунты DAZN,3,480.0,1660.0,yookassa|sbp|cryptobot|stars|manual,15,9268,bots/ru/269-dazn
ru-270-audible,Audible Подписки,ru,ru,RUB,accounts,budget,аккаунты Audible,3,480.0,1660.0,yookassa|sbp|cryptobot|stars|manual,15,9269,bots/ru/270-audible
ru-271-litres,Литрес Подписки,ru,ru,RUB,accounts,budget,подписки Литрес,3,480.0,1660.0,yookassa|sbp|cryptobot|stars|manual,15,9270,bots/ru/271-litres
ru-272-chatgpt-plus,ChatGPT Plus Доступ,ru,ru,RUB,accounts,standard,аккаунты ChatGPT Plus,3,1480.0,5060.0,yookassa|sbp|cryptobot|manual,15,9271,bots/ru/272-chatgpt-plus
ru-273-claude-pro,Claude Pro Доступ,ru,ru,RUB,accounts,standard,аккаунты Claude Pro,3,1480.0,5060.0,yookassa|sbp|cryptobot|manual,15,9272,bots/ru/273-claude-pro
ru-274-midjourney,Midjourney Доступ,ru,ru,RUB,accounts,standard,аккаунты Midjourney,3,1480.0,5060.0,yookassa|sbp|cryptobot|manual,15,9273,bots/ru/274-midjourney
ru-275-perplexity,Perplexity Pro Доступ,ru,ru,RUB,accounts,standard,аккаунты Perplexity,3,1480.0,5060.0,yookassa|sbp|cryptobot|manual,15,9274,bots/ru/275-perplexity
ru-276-gemini-advanced,Gemini Advanced Доступ,ru,ru,RUB,accounts,standard,аккаунты Gemini,3,1480.0,5060.0,yookassa|sbp|cryptobot|manual,15,9275,bots/ru/276-gemini-advanced
ru-277-copilot,GitHub Copilot Доступ,ru,ru,RUB,accounts,standard,аккаунты Copilot,3,1480.0,5060.0,yookassa|sbp|cryptobot|manual,15,9276,bots/ru/277-copilot
ru-278-runway,Runway Доступ,ru,ru,RUB,accounts,standard,аккаунты Runway,3,1480.0,5060.0,yookassa|sbp|cryptobot|manual,15,9277,bots/ru/278-runway
ru-279-elevenlabs,ElevenLabs Доступ,ru,ru,RUB,accounts,standard,аккаунты ElevenLabs,3,1480.0,5060.0,yookassa|sbp|cryptobot|manual,15,9278,bots/ru/279-elevenlabs
ru-280-suno,Suno Доступ,ru,ru,RUB,accounts,standard,аккаунты Suno,3,1480.0,5060.0,yookassa|sbp|cryptobot|manual,15,9279,bots/ru/280-suno
ru-281-leonardo-ai,Leonardo AI Доступ,ru,ru,RUB,accounts,standard,аккаунты Leonardo,3,1480.0,5060.0,yookassa|sbp|cryptobot|manual,15,9280,bots/ru/281-leonardo-ai
ru-282-openai-api,OpenAI API Доступ,ru,ru,RUB,accounts,standard,доступ к OpenAI API,3,1480.0,5060.0,yookassa|sbp|cryptobot|manual,15,9281,bots/ru/282-openai-api
ru-283-anthropic-api,Anthropic API Доступ,ru,ru,RUB,accounts,standard,доступ к Anthropic API,3,1480.0,5060.0,yookassa|sbp|cryptobot|manual,15,9282,bots/ru/283-anthropic-api
ru-284-stable-diffusion,Stable Diffusion Доступ,ru,ru,RUB,accounts,standard,доступ к Stable Diffusion,3,1480.0,5060.0,yookassa|sbp|cryptobot|ton|manual,15,9283,bots/ru/284-stable-diffusion
ru-285-heygen,HeyGen Доступ,ru,ru,RUB,accounts,standard,аккаунты HeyGen,3,1480.0,5060.0,yookassa|sbp|cryptobot|manual,15,9284,bots/ru/285-heygen
ru-286-synthesia,Synthesia Доступ,ru,ru,RUB,accounts,standard,аккаунты Synthesia,3,1480.0,5060.0,yookassa|sbp|cryptobot|manual,15,9285,bots/ru/286-synthesia
ru-287-descript,Descript Доступ,ru,ru,RUB,accounts,standard,аккаунты Descript,3,1480.0,5060.0,yookassa|sbp|cryptobot|manual,15,9286,bots/ru/287-descript
ru-288-jasper,Jasper AI Доступ,ru,ru,RUB,accounts,standard,аккаунты Jasper,3,1480.0,5060.0,yookassa|sbp|cryptobot|manual,15,9287,bots/ru/288-jasper
ru-289-copy-ai,Copy.ai Доступ,ru,ru,RUB,accounts,standard,аккаунты Copy.ai,3,1480.0,5060.0,yookassa|sbp|cryptobot|manual,15,9288,bots/ru/289-copy-ai
ru-290-grammarly,Grammarly Доступ,ru,ru,RUB,accounts,standard,аккаунты Grammarly,3,1480.0,5060.0,yookassa|sbp|cryptobot|manual,15,9289,bots/ru/290-grammarly
ru-291-notion-ai,Notion AI Доступ,ru,ru,RUB,accounts,standard,аккаунты Notion AI,3,1480.0,5060.0,yookassa|sbp|cryptobot|manual,15,9290,bots/ru/291-notion-ai
ru-292-cursor-ai,Cursor Доступ,ru,ru,RUB,accounts,standard,аккаунты Cursor,3,1480.0,5060.0,yookassa|sbp|cryptobot|manual,15,9291,bots/ru/292-cursor-ai
ru-293-replit,Replit Доступ,ru,ru,RUB,accounts,standard,аккаунты Replit,3,1480.0,5060.0,yookassa|sbp|cryptobot|manual,15,9292,bots/ru/293-replit
ru-294-luma-ai,Luma AI Доступ,ru,ru,RUB,accounts,standard,аккаунты Luma,3,1480.0,5060.0,yookassa|sbp|cryptobot|manual,15,9293,bots/ru/294-luma-ai
ru-295-pika,Pika Доступ,ru,ru,RUB,accounts,standard,аккаунты Pika,3,1480.0,5060.0,yookassa|sbp|cryptobot|manual,15,9294,bots/ru/295-pika
ru-296-ideogram,Ideogram Доступ,ru,ru,RUB,accounts,standard,аккаунты Ideogram,3,1480.0,5060.0,yookassa|sbp|cryptobot|manual,15,9295,bots/ru/296-ideogram
ru-297-krea,Krea AI Доступ,ru,ru,RUB,accounts,standard,аккаунты Krea,3,1480.0,5060.0,yookassa|sbp|cryptobot|manual,15,9296,bots/ru/297-krea
ru-298-gamma-app,Gamma Доступ,ru,ru,RUB,accounts,standard,аккаунты Gamma,3,1480.0,5060.0,yookassa|sbp|cryptobot|manual,15,9297,bots/ru/298-gamma-app
ru-299-deepl,DeepL Pro Доступ,ru,ru,RUB,accounts,standard,аккаунты DeepL,3,1480.0,5060.0,yookassa|sbp|cryptobot|manual,15,9298,bots/ru/299-deepl
ru-300-otter-ai,Otter.ai Доступ,ru,ru,RUB,accounts,standard,аккаунты Otter.ai,3,1480.0,5060.0,yookassa|sbp|cryptobot|manual,15,9299,bots/ru/300-otter-ai
ru-301-chatpdf,ChatPDF Доступ,ru,ru,RUB,accounts,standard,аккаунты ChatPDF,3,1480.0,5060.0,yookassa|sbp|cryptobot|manual,15,9300,bots/ru/301-chatpdf
ru-302-telegram,Telegram Аккаунты,ru,ru,RUB,accounts,budget,аккаунты Telegram,3,480.0,1660.0,yookassa|sbp|cryptobot|stars|manual,15,9301,bots/ru/302-telegram
ru-303-discord,Discord Аккаунты,ru,ru,RUB,accounts,budget,аккаунты Discord,3,480.0,1660.0,yookassa|sbp|cryptobot|stars|manual,15,9302,bots/ru/303-discord
ru-304-instagram,Instagram Аккаунты,ru,ru,RUB,accounts,budget,аккаунты Instagram,3,480.0,1660.0,yookassa|sbp|cryptobot|stars|manual,15,9303,bots/ru/304-instagram
ru-305-tiktok,TikTok Аккаунты,ru,ru,RUB,accounts,budget,аккаунты TikTok,3,480.0,1660.0,yookassa|sbp|cryptobot|stars|manual,15,9304,bots/ru/305-tiktok
ru-306-twitter-x,X (Twitter) Аккаунты,ru,ru,RUB,accounts,budget,аккаунты X,3,480.0,1660.0,yookassa|sbp|cryptobot|stars|manual,15,9305,bots/ru/306-twitter-x
ru-307-facebook,Facebook Аккаунты,ru,ru,RUB,accounts,budget,аккаунты Facebook,3,480.0,1660.0,yookassa|sbp|cryptobot|stars|manual,15,9306,bots/ru/307-facebook
ru-308-vkontakte,ВКонтакте Аккаунты,ru,ru,RUB,accounts,budget,аккаунты ВКонтакте,3,480.0,1660.0,yookassa|sbp|cryptobot|stars|manual,15,9307,bots/ru/308-vkontakte
ru-309-odnoklassniki,Одноклассники Аккаунты,ru,ru,RUB,accounts,budget,аккаунты Одноклассники,3,480.0,1660.0,yookassa|sbp|cryptobot|stars|manual,15,9308,bots/ru/309-odnoklassniki
ru-310-reddit,Reddit Аккаунты,ru,ru,RUB,accounts,budget,аккаунты Reddit,3,480.0,1660.0,yookassa|sbp|cryptobot|stars|manual,15,9309,bots/ru/310-reddit
ru-311-linkedin,LinkedIn Аккаунты,ru,ru,RUB,accounts,budget,аккаунты LinkedIn,3,480.0,1660.0,yookassa|sbp|cryptobot|stars|manual,15,9310,bots/ru/311-linkedin
ru-312-snapchat,Snapchat Аккаунты,ru,ru,RUB,accounts,budget,аккаунты Snapchat,3,480.0,1660.0,yookassa|sbp|cryptobot|stars|manual,15,9311,bots/ru/312-snapchat
ru-313-pinterest,Pinterest Аккаунты,ru,ru,RUB,accounts,budget,аккаунты Pinterest,3,480.0,1660.0,yookassa|sbp|cryptobot|stars|manual,15,9312,bots/ru/313-pinterest
ru-314-threads,Threads Аккаунты,ru,ru,RUB,accounts,budget,аккаунты Threads,3,480.0,1660.0,yookassa|sbp|cryptobot|stars|manual,15,9313,bots/ru/314-threads
ru-315-youtube-channel,YouTube Аккаунты,ru,ru,RUB,accounts,budget,аккаунты YouTube,3,480.0,1660.0,yookassa|sbp|cryptobot|stars|manual,15,9314,bots/ru/315-youtube-channel
ru-316-twitch-channel,Twitch Аккаунты,ru,ru,RUB,accounts,budget,каналы Twitch,3,480.0,1660.0,yookassa|sbp|cryptobot|stars|manual,15,9315,bots/ru/316-twitch-channel
ru-317-whatsapp,WhatsApp Аккаунты,ru,ru,RUB,accounts,budget,аккаунты WhatsApp,3,480.0,1660.0,yookassa|sbp|cryptobot|stars|manual,15,9316,bots/ru/317-whatsapp
ru-318-viber,Viber Аккаунты,ru,ru,RUB,accounts,budget,аккаунты Viber,3,480.0,1660.0,yookassa|sbp|cryptobot|stars|manual,15,9317,bots/ru/318-viber
ru-319-signal,Signal Аккаунты,ru,ru,RUB,accounts,budget,аккаунты Signal,3,480.0,1660.0,yookassa|sbp|cryptobot|stars|manual,15,9318,bots/ru/319-signal
ru-320-medium,Medium Аккаунты,ru,ru,RUB,accounts,budget,аккаунты Medium,3,480.0,1660.0,yookassa|sbp|cryptobot|stars|manual,15,9319,bots/ru/320-medium
ru-321-bluesky,Bluesky Аккаунты,ru,ru,RUB,accounts,budget,аккаунты Bluesky,3,480.0,1660.0,yookassa|sbp|cryptobot|stars|manual,15,9320,bots/ru/321-bluesky
ru-322-rutube,RUTUBE Аккаунты,ru,ru,RUB,accounts,budget,аккаунты RUTUBE,3,480.0,1660.0,yookassa|sbp|cryptobot|stars|manual,15,9321,bots/ru/322-rutube
ru-323-dzen,Дзен Аккаунты,ru,ru,RUB,accounts,budget,аккаунты Дзен,3,480.0,1660.0,yookassa|sbp|cryptobot|stars|manual,15,9322,bots/ru/323-dzen
ru-324-likee,Likee Аккаунты,ru,ru,RUB,accounts,budget,аккаунты Likee,3,480.0,1660.0,yookassa|sbp|cryptobot|stars|manual,15,9323,bots/ru/324-likee
ru-325-kwai,Kwai Аккаунты,ru,ru,RUB,accounts,budget,аккаунты Kwai,3,480.0,1660.0,yookassa|sbp|cryptobot|stars|manual,15,9324,bots/ru/325-kwai
ru-326-gmail,Gmail Аккаунты,ru,ru,RUB,accounts,budget,аккаунты Gmail,3,480.0,1660.0,yookassa|sbp|cryptobot|stars|manual,15,9325,bots/ru/326-gmail
ru-327-google-workspace,Google Workspace Аккаунты,ru,ru,RUB,accounts,budget,аккаунты Google Workspace,3,480.0,1660.0,yookassa|sbp|cryptobot|stars|manual,15,9326,bots/ru/327-google-workspace
ru-328-outlook,Outlook Аккаунты,ru,ru,RUB,accounts,budget,аккаунты Outlook,3,480.0,1660.0,yookassa|sbp|cryptobot|stars|manual,15,9327,bots/ru/328-outlook
ru-329-yandex-mail,Яндекс Почта Аккаунты,ru,ru,RUB,accounts,budget,аккаунты Яндекс Почты,3,480.0,1660.0,yookassa|sbp|cryptobot|stars|manual,15,9328,bots/ru/329-yandex-mail
ru-330-mailru,Mail.ru Аккаунты,ru,ru,RUB,accounts,budget,аккаунты Mail.ru,3,480.0,1660.0,yookassa|sbp|cryptobot|stars|manual,15,9329,bots/ru/330-mailru
ru-331-protonmail,Proton Mail Аккаунты,ru,ru,RUB,accounts,budget,аккаунты Proton Mail,3,480.0,1660.0,yookassa|sbp|cryptobot|stars|ton|manual,15,9330,bots/ru/331-protonmail
ru-332-icloud,iCloud Аккаунты,ru,ru,RUB,accounts,budget,аккаунты iCloud,3,480.0,1660.0,yookassa|sbp|cryptobot|stars|manual,15,9331,bots/ru/332-icloud
ru-333-dropbox,Dropbox Аккаунты,ru,ru,RUB,accounts,budget,аккаунты Dropbox,3,480.0,1660.0,yookassa|sbp|cryptobot|stars|manual,15,9332,bots/ru/333-dropbox
ru-334-google-drive,Google Drive Аккаунты,ru,ru,RUB,accounts,budget,хранилище Google Drive,3,480.0,1660.0,yookassa|sbp|cryptobot|stars|manual,15,9333,bots/ru/334-google-drive
ru-335-mega-nz,MEGA Аккаунты,ru,ru,RUB,accounts,budget,аккаунты MEGA,3,480.0,1660.0,yookassa|sbp|cryptobot|stars|manual,15,9334,bots/ru/335-mega-nz
ru-336-onedrive,OneDrive Аккаунты,ru,ru,RUB,accounts,budget,аккаунты OneDrive,3,480.0,1660.0,yookassa|sbp|cryptobot|stars|manual,15,9335,bots/ru/336-onedrive
ru-337-yandex-disk,Яндекс Диск Аккаунты,ru,ru,RUB,accounts,budget,аккаунты Яндекс Диска,3,480.0,1660.0,yookassa|sbp|cryptobot|stars|manual,15,9336,bots/ru/337-yandex-disk
ru-338-zoho-mail,Zoho Mail Аккаунты,ru,ru,RUB,accounts,budget,аккаунты Zoho,3,480.0,1660.0,yookassa|sbp|cryptobot|stars|manual,15,9337,bots/ru/338-zoho-mail
ru-339-gmx,GMX Аккаунты,ru,ru,RUB,accounts,budget,аккаунты GMX,3,480.0,1660.0,yookassa|sbp|cryptobot|stars|manual,15,9338,bots/ru/339-gmx
ru-340-tutanota,Tuta Аккаунты,ru,ru,RUB,accounts,budget,аккаунты Tuta,3,480.0,1660.0,yookassa|sbp|cryptobot|stars|manual,15,9339,bots/ru/340-tutanota
ru-341-firstmail,Firstmail Аккаунты,ru,ru,RUB,accounts,budget,аккаунты Firstmail,3,480.0,1660.0,yookassa|sbp|cryptobot|stars|manual,15,9340,bots/ru/341-firstmail
ru-342-github,GitHub Доступ,ru,ru,RUB,accounts,standard,аккаунты GitHub,3,1480.0,5060.0,yookassa|sbp|cryptobot|manual,15,9341,bots/ru/342-github
ru-343-gitlab,GitLab Доступ,ru,ru,RUB,accounts,standard,аккаунты GitLab,3,1480.0,5060.0,yookassa|sbp|cryptobot|manual,15,9342,bots/ru/343-gitlab
ru-344-jetbrains,JetBrains Доступ,ru,ru,RUB,accounts,standard,лицензии JetBrains,3,1480.0,5060.0,yookassa|sbp|cryptobot|manual,15,9343,bots/ru/344-jetbrains
ru-345-figma,Figma Доступ,ru,ru,RUB,accounts,standard,аккаунты Figma,3,1480.0,5060.0,yookassa|sbp|cryptobot|manual,15,9344,bots/ru/345-figma
ru-346-canva-pro,Canva Pro Доступ,ru,ru,RUB,accounts,standard,аккаунты Canva Pro,3,1480.0,5060.0,yookassa|sbp|cryptobot|manual,15,9345,bots/ru/346-canva-pro
ru-347-adobe-cc,Adobe Creative Cloud Доступ,ru,ru,RUB,accounts,standard,аккаунты Adobe CC,3,1480.0,5060.0,yookassa|sbp|cryptobot|manual,15,9346,bots/ru/347-adobe-cc
ru-348-notion,Notion Доступ,ru,ru,RUB,accounts,standard,аккаунты Notion,3,1480.0,5060.0,yookassa|sbp|cryptobot|manual,15,9347,bots/ru/348-notion
ru-349-slack,Slack Доступ,ru,ru,RUB,accounts,standard,аккаунты Slack,3,1480.0,5060.0,yookassa|sbp|cryptobot|manual,15,9348,bots/ru/349-slack
ru-350-zoom,Zoom Доступ,ru,ru,RUB,accounts,standard,аккаунты Zoom,3,1480.0,5060.0,yookassa|sbp|cryptobot|manual,15,9349,bots/ru/350-zoom
ru-351-trello,Trello Доступ,ru,ru,RUB,accounts,standard,аккаунты Trello,3,1480.0,5060.0,yookassa|sbp|cryptobot|manual,15,9350,bots/ru/351-trello
ru-352-asana,Asana Доступ,ru,ru,RUB,accounts,standard,аккаунты Asana,3,1480.0,5060.0,yookassa|sbp|cryptobot|manual,15,9351,bots/ru/352-asana
ru-353-miro,Miro Доступ,ru,ru,RUB,accounts,standard,аккаунты Miro,3,1480.0,5060.0,yookassa|sbp|cryptobot|manual,15,9352,bots/ru/353-miro
ru-354-envato,Envato Elements Доступ,ru,ru,RUB,accounts,standard,аккаунты Envato,3,1480.0,5060.0,yookassa|sbp|cryptobot|manual,15,9353,bots/ru/354-envato
ru-355-shutterstock,Shutterstock Доступ,ru,ru,RUB,accounts,standard,аккаунты Shutterstock,3,1480.0,5060.0,yookassa|sbp|cryptobot|manual,15,9354,bots/ru/355-shutterstock
ru-356-freepik,Freepik Доступ,ru,ru,RUB,accounts,standard,аккаунты Freepik,3,1480.0,5060.0,yookassa|sbp|cryptobot|manual,15,9355,bots/ru/356-freepik
ru-357-coursera,Coursera Доступ,ru,ru,RUB,accounts,standard,аккаунты Coursera,3,1480.0,5060.0,yookassa|sbp|cryptobot|manual,15,9356,bots/ru/357-coursera
ru-358-udemy,Udemy Доступ,ru,ru,RUB,accounts,standard,аккаунты Udemy,3,1480.0,5060.0,yookassa|sbp|cryptobot|manual,15,9357,bots/ru/358-udemy
ru-359-skillbox,Skillbox Доступ,ru,ru,RUB,accounts,standard,доступы Skillbox,3,1480.0,5060.0,yookassa|sbp|cryptobot|manual,15,9358,bots/ru/359-skillbox
ru-360-duolingo,Duolingo Доступ,ru,ru,RUB,accounts,standard,аккаунты Duolingo Plus,3,1480.0,5060.0,yookassa|sbp|cryptobot|manual,15,9359,bots/ru/360-duolingo
ru-361-linkedin-learning,LinkedIn Learning Доступ,ru,ru,RUB,accounts,standard,аккаунты LinkedIn Learning,3,1480.0,5060.0,yookassa|sbp|cryptobot|manual,15,9360,bots/ru/361-linkedin-learning
ru-362-nordvpn,NordVPN Доступ,ru,ru,RUB,accounts,budget,аккаунты NordVPN,3,480.0,1660.0,yookassa|sbp|cryptobot|stars|manual,15,9361,bots/ru/362-nordvpn
ru-363-expressvpn,ExpressVPN Доступ,ru,ru,RUB,accounts,budget,аккаунты ExpressVPN,3,480.0,1660.0,yookassa|sbp|cryptobot|stars|manual,15,9362,bots/ru/363-expressvpn
ru-364-surfshark,Surfshark Доступ,ru,ru,RUB,accounts,budget,аккаунты Surfshark,3,480.0,1660.0,yookassa|sbp|cryptobot|stars|manual,15,9363,bots/ru/364-surfshark
ru-365-protonvpn,Proton VPN Доступ,ru,ru,RUB,accounts,budget,аккаунты Proton VPN,3,480.0,1660.0,yookassa|sbp|cryptobot|stars|ton|manual,15,9364,bots/ru/365-protonvpn
ru-366-cyberghost,CyberGhost Доступ,ru,ru,RUB,accounts,budget,аккаунты CyberGhost,3,480.0,1660.0,yookassa|sbp|cryptobot|stars|manual,15,9365,bots/ru/366-cyberghost
ru-367-mullvad,Mullvad Доступ,ru,ru,RUB,accounts,budget,аккаунты Mullvad,3,480.0,1660.0,yookassa|sbp|cryptobot|stars|manual,15,9366,bots/ru/367-mullvad
ru-368-socks5-proxy,SOCKS5 Доступ,ru,ru,RUB,accounts,budget,прокси SOCKS5,3,480.0,1660.0,yookassa|sbp|cryptobot|stars|manual,15,9367,bots/ru/368-socks5-proxy
ru-369-http-proxy,HTTP-прокси Доступ,ru,ru,RUB,accounts,budget,HTTP-прокси,3,480.0,1660.0,yookassa|sbp|cryptobot|stars|manual,15,9368,bots/ru/369-http-proxy
ru-370-mobile-proxy,Мобильные прокси Доступ,ru,ru,RUB,accounts,budget,мобильные прокси,3,480.0,1660.0,yookassa|sbp|cryptobot|stars|manual,15,9369,bots/ru/370-mobile-proxy
ru-371-residential-proxy,Резидентные прокси Доступ,ru,ru,RUB,accounts,budget,резидентные прокси,3,480.0,1660.0,yookassa|sbp|cryptobot|stars|manual,15,9370,bots/ru/371-residential-proxy
ru-372-static-proxy,Статичные прокси Доступ,ru,ru,RUB,accounts,budget,статичные прокси,3,480.0,1660.0,yookassa|sbp|cryptobot|stars|manual,15,9371,bots/ru/372-static-proxy
ru-373-vless-config,VLESS Доступ,ru,ru,RUB,accounts,budget,конфиги VLESS,3,480.0,1660.0,yookassa|sbp|cryptobot|stars|manual,15,9372,bots/ru/373-vless-config
ru-374-outline-vpn,Outline Доступ,ru,ru,RUB,accounts,budget,ключи Outline,3,480.0,1660.0,yookassa|sbp|cryptobot|stars|manual,15,9373,bots/ru/374-outline-vpn
ru-375-wireguard,WireGuard Доступ,ru,ru,RUB,accounts,budget,конфиги WireGuard,3,480.0,1660.0,yookassa|sbp|cryptobot|stars|manual,15,9374,bots/ru/375-wireguard
ru-376-sms-numbers,Виртуальные номера Доступ,ru,ru,RUB,accounts,budget,виртуальные номера для SMS,3,480.0,1660.0,yookassa|sbp|cryptobot|stars|manual,15,9375,bots/ru/376-sms-numbers
ru-377-binance-acc,Binance Аккаунты,ru,ru,RUB,accounts,premium,аккаунты Binance,3,4890.0,16650.0,yookassa|sbp|cryptobot|manual,15,9376,bots/ru/377-binance-acc
ru-378-bybit-acc,Bybit Аккаунты,ru,ru,RUB,accounts,premium,аккаунты Bybit,3,4890.0,16650.0,yookassa|sbp|cryptobot|manual,15,9377,bots/ru/378-bybit-acc
ru-379-okx-acc,OKX Аккаунты,ru,ru,RUB,accounts,premium,аккаунты OKX,3,4890.0,16650.0,yookassa|sbp|cryptobot|manual,15,9378,bots/ru/379-okx-acc
ru-380-kucoin-acc,KuCoin Аккаунты,ru,ru,RUB,accounts,premium,аккаунты KuCoin,3,4890.0,16650.0,yookassa|sbp|cryptobot|manual,15,9379,bots/ru/380-kucoin-acc
ru-381-mexc-acc,MEXC Аккаунты,ru,ru,RUB,accounts,premium,аккаунты MEXC,3,4890.0,16650.0,yookassa|sbp|cryptobot|manual,15,9380,bots/ru/381-mexc-acc
ru-382-bitget-acc,Bitget Аккаунты,ru,ru,RUB,accounts,premium,аккаунты Bitget,3,4890.0,16650.0,yookassa|sbp|cryptobot|manual,15,9381,bots/ru/382-bitget-acc
ru-383-htx-acc,HTX Аккаунты,ru,ru,RUB,accounts,premium,аккаунты HTX,3,4890.0,16650.0,yookassa|sbp|cryptobot|manual,15,9382,bots/ru/383-htx-acc
ru-384-gate-io,Gate.io Аккаунты,ru,ru,RUB,accounts,premium,аккаунты Gate.io,3,4890.0,16650.0,yookassa|sbp|cryptobot|manual,15,9383,bots/ru/384-gate-io
ru-385-kraken-acc,Kraken Аккаунты,ru,ru,RUB,accounts,premium,аккаунты Kraken,3,4890.0,16650.0,yookassa|sbp|cryptobot|manual,15,9384,bots/ru/385-kraken-acc
ru-386-coinbase-acc,Coinbase Аккаунты,ru,ru,RUB,accounts,premium,аккаунты Coinbase,3,4890.0,16650.0,yookassa|sbp|cryptobot|manual,15,9385,bots/ru/386-coinbase-acc
ru-387-bingx-acc,BingX Аккаунты,ru,ru,RUB,accounts,premium,аккаунты BingX,3,4890.0,16650.0,yookassa|sbp|cryptobot|manual,15,9386,bots/ru/387-bingx-acc
ru-388-blofin,BloFin Аккаунты,ru,ru,RUB,accounts,premium,аккаунты BloFin,3,4890.0,16650.0,yookassa|sbp|cryptobot|manual,15,9387,bots/ru/388-blofin
ru-389-amazon-acc,Amazon Аккаунты,ru,ru,RUB,accounts,standard,аккаунты Amazon,3,1480.0,5060.0,yookassa|sbp|cryptobot|manual,15,9388,bots/ru/389-amazon-acc
ru-390-ebay-acc,eBay Аккаунты,ru,ru,RUB,accounts,standard,аккаунты eBay,3,1480.0,5060.0,yookassa|sbp|cryptobot|manual,15,9389,bots/ru/390-ebay-acc
ru-391-avito-acc,Авито Аккаунты,ru,ru,RUB,accounts,standard,аккаунты Авито,3,1480.0,5060.0,yookassa|sbp|cryptobot|manual,15,9390,bots/ru/391-avito-acc
ru-392-wildberries-acc,Wildberries Аккаунты,ru,ru,RUB,accounts,standard,кабинеты Wildberries,3,1480.0,5060.0,yookassa|sbp|cryptobot|manual,15,9391,bots/ru/392-wildberries-acc
ru-393-ozon-acc,Ozon Аккаунты,ru,ru,RUB,accounts,standard,кабинеты Ozon,3,1480.0,5060.0,yookassa|sbp|cryptobot|manual,15,9392,bots/ru/393-ozon-acc
ru-394-aliexpress-acc,AliExpress Аккаунты,ru,ru,RUB,accounts,standard,аккаунты AliExpress,3,1480.0,5060.0,yookassa|sbp|cryptobot|manual,15,9393,bots/ru/394-aliexpress-acc
ru-395-etsy-acc,Etsy Аккаунты,ru,ru,RUB,accounts,standard,аккаунты Etsy,3,1480.0,5060.0,yookassa|sbp|cryptobot|manual,15,9394,bots/ru/395-etsy-acc
ru-396-upwork-acc,Upwork Аккаунты,ru,ru,RUB,accounts,standard,аккаунты Upwork,3,1480.0,5060.0,yookassa|sbp|cryptobot|manual,15,9395,bots/ru/396-upwork-acc
ru-397-fiverr-acc,Fiverr Аккаунты,ru,ru,RUB,accounts,standard,аккаунты Fiverr,3,1480.0,5060.0,yookassa|sbp|cryptobot|manual,15,9396,bots/ru/397-fiverr-acc
ru-398-uber-acc,Uber Аккаунты,ru,ru,RUB,accounts,standard,аккаунты Uber,3,1480.0,5060.0,yookassa|sbp|cryptobot|manual,15,9397,bots/ru/398-uber-acc
ru-399-bolt-acc,Bolt Аккаунты,ru,ru,RUB,accounts,standard,аккаунты Bolt,3,1480.0,5060.0,yookassa|sbp|cryptobot|manual,15,9398,bots/ru/399-bolt-acc
ru-400-yandex-go,Яндекс Go Аккаунты,ru,ru,RUB,accounts,standard,аккаунты Яндекс Go,3,1480.0,5060.0,yookassa|sbp|cryptobot|manual,15,9399,bots/ru/400-yandex-go
ru-401-paypal-acc,PayPal Аккаунты,ru,ru,RUB,accounts,standard,аккаунты PayPal,3,1480.0,5060.0,yookassa|sbp|cryptobot|manual,15,9400,bots/ru/401-paypal-acc
ru-402-wise-acc,Wise Аккаунты,ru,ru,RUB,accounts,standard,аккаунты Wise,3,1480.0,5060.0,yookassa|sbp|cryptobot|manual,15,9401,bots/ru/402-wise-acc
ru-403-revolut-acc,Revolut Аккаунты,ru,ru,RUB,accounts,standard,аккаунты Revolut,3,1480.0,5060.0,yookassa|sbp|cryptobot|manual,15,9402,bots/ru/403-revolut-acc
ru-404-payoneer-acc,Payoneer Аккаунты,ru,ru,RUB,accounts,standard,аккаунты Payoneer,3,1480.0,5060.0,yookassa|sbp|cryptobot|manual,15,9403,bots/ru/404-payoneer-acc
ru-405-steam-gift,Steam Gift Card,ru,ru,RUB,keys,standard,подарочные карты Steam,3,1480.0,11910.0,yookassa|sbp|cryptobot|manual,15,9404,bots/ru/405-steam-gift
ru-406-psn-card,PSN Card,ru,ru,RUB,keys,standard,карты PlayStation Store,3,1480.0,11910.0,yookassa|sbp|cryptobot|manual,15,9405,bots/ru/406-psn-card
ru-407-xbox-card,Xbox Gift Card,ru,ru,RUB,keys,standard,карты Xbox,3,1480.0,11910.0,yookassa|sbp|cryptobot|manual,15,9406,bots/ru/407-xbox-card
ru-408-nintendo-card,Nintendo eShop,ru,ru,RUB,keys,standard,карты Nintendo eShop,3,1480.0,11910.0,yookassa|sbp|cryptobot|manual,15,9407,bots/ru/408-nintendo-card
ru-409-itunes-card,iTunes Card,ru,ru,RUB,keys,standard,карты iTunes,3,1480.0,11910.0,yookassa|sbp|cryptobot|manual,15,9408,bots/ru/409-itunes-card
ru-410-google-play-card,Google Play,ru,ru,RUB,keys,standard,карты Google Play,3,1480.0,11910.0,yookassa|sbp|cryptobot|manual,15,9409,bots/ru/410-google-play-card
ru-411-amazon-card,Amazon Gift Card,ru,ru,RUB,keys,standard,карты Amazon,3,1480.0,11910.0,yookassa|sbp|cryptobot|manual,15,9410,bots/ru/411-amazon-card
ru-412-netflix-card,Netflix Card,ru,ru,RUB,keys,standard,карты Netflix,3,1480.0,11910.0,yookassa|sbp|cryptobot|manual,15,9411,bots/ru/412-netflix-card
ru-413-spotify-card,Spotify Card,ru,ru,RUB,keys,standard,карты Spotify,3,1480.0,11910.0,yookassa|sbp|cryptobot|manual,15,9412,bots/ru/413-spotify-card
ru-414-windows-key,Windows,ru,ru,RUB,keys,standard,ключи Windows,3,1480.0,11910.0,yookassa|sbp|cryptobot|manual,15,9413,bots/ru/414-windows-key
ru-415-office-key,Microsoft Office,ru,ru,RUB,keys,standard,ключи Office,3,1480.0,11910.0,yookassa|sbp|cryptobot|manual,15,9414,bots/ru/415-office-key
ru-416-antivirus-key,Антивирусы,ru,ru,RUB,keys,standard,ключи антивирусов,3,1480.0,11910.0,yookassa|sbp|cryptobot|manual,15,9415,bots/ru/416-antivirus-key
ru-417-game-keys-shop,Ключи игр,ru,ru,RUB,keys,standard,ключи для игр,3,1480.0,11910.0,yookassa|sbp|cryptobot|manual,15,9416,bots/ru/417-game-keys-shop
ru-418-discord-nitro,Discord Nitro,ru,ru,RUB,keys,standard,Discord Nitro,3,1480.0,11910.0,yookassa|sbp|cryptobot|manual,15,9417,bots/ru/418-discord-nitro
ru-419-telegram-premium,Telegram Premium,ru,ru,RUB,keys,standard,Telegram Premium,3,1480.0,11910.0,yookassa|sbp|cryptobot|manual,15,9418,bots/ru/419-telegram-premium
ru-420-roblox-card,Roblox Card,ru,ru,RUB,keys,standard,карты Roblox,3,1480.0,11910.0,yookassa|sbp|cryptobot|manual,15,9419,bots/ru/420-roblox-card
ru-421-valve-key,Valve,ru,ru,RUB,keys,standard,ключи Valve,3,1480.0,11910.0,yookassa|sbp|cryptobot|manual,15,9420,bots/ru/421-valve-key
ru-422-ea-play,EA Play,ru,ru,RUB,keys,standard,подписки EA Play,3,1480.0,11910.0,yookassa|sbp|cryptobot|manual,15,9421,bots/ru/422-ea-play
ru-423-gamepass,Game Pass,ru,ru,RUB,keys,standard,подписки Game Pass,3,1480.0,11910.0,yookassa|sbp|cryptobot|manual,15,9422,bots/ru/423-gamepass
ru-424-psplus,PS Plus,ru,ru,RUB,keys,standard,подписки PS Plus,3,1480.0,11910.0,yookassa|sbp|cryptobot|manual,15,9423,bots/ru/424-psplus
ru-425-robux-topup,Robux,ru,ru,RUB,topup,budget,пополнение Robux,3,480.0,2690.0,yookassa|sbp|cryptobot|stars|manual,10,9424,bots/ru/425-robux-topup
ru-426-vbucks-topup,V-Bucks,ru,ru,RUB,topup,budget,пополнение V-Bucks,3,480.0,2690.0,yookassa|sbp|cryptobot|stars|manual,10,9425,bots/ru/426-vbucks-topup
ru-427-uc-pubg,PUBG UC,ru,ru,RUB,topup,budget,пополнение UC в PUBG,3,480.0,2690.0,yookassa|sbp|cryptobot|stars|manual,10,9426,bots/ru/427-uc-pubg
ru-428-genshin-crystals,Genshin,ru,ru,RUB,topup,budget,кристаллы Genshin,3,480.0,2690.0,yookassa|sbp|cryptobot|stars|manual,10,9427,bots/ru/428-genshin-crystals
ru-429-brawl-gems,Brawl Stars,ru,ru,RUB,topup,budget,гемы Brawl Stars,3,480.0,2690.0,yookassa|sbp|cryptobot|stars|manual,10,9428,bots/ru/429-brawl-gems
ru-430-mlbb-diamonds,Mobile Legends,ru,ru,RUB,topup,budget,алмазы Mobile Legends,3,480.0,2690.0,yookassa|sbp|cryptobot|stars|manual,10,9429,bots/ru/430-mlbb-diamonds
ru-431-free-fire-diamonds,Free Fire,ru,ru,RUB,topup,budget,алмазы Free Fire,3,480.0,2690.0,yookassa|sbp|cryptobot|stars|manual,10,9430,bots/ru/431-free-fire-diamonds
ru-432-standoff-gold,Standoff 2,ru,ru,RUB,topup,budget,золото Standoff 2,3,480.0,2690.0,yookassa|sbp|cryptobot|stars|manual,10,9431,bots/ru/432-standoff-gold
ru-433-cod-points,Call of Duty,ru,ru,RUB,topup,budget,CP в Call of Duty,3,480.0,2690.0,yookassa|sbp|cryptobot|stars|manual,10,9432,bots/ru/433-cod-points
ru-434-valorant-points,Valorant,ru,ru,RUB,topup,budget,Valorant Points,3,480.0,2690.0,yookassa|sbp|cryptobot|stars|manual,10,9433,bots/ru/434-valorant-points
ru-435-lol-rp,League of Legends,ru,ru,RUB,topup,budget,Riot Points,3,480.0,2690.0,yookassa|sbp|cryptobot|stars|manual,10,9434,bots/ru/435-lol-rp
ru-436-wot-gold,World of Tanks,ru,ru,RUB,topup,budget,золото World of Tanks,3,480.0,2690.0,yookassa|sbp|cryptobot|stars|manual,10,9435,bots/ru/436-wot-gold
ru-437-clash-gems,Clash of Clans,ru,ru,RUB,topup,budget,гемы Clash of Clans,3,480.0,2690.0,yookassa|sbp|cryptobot|stars|manual,10,9436,bots/ru/437-clash-gems
ru-438-roblox-premium,Roblox Premium,ru,ru,RUB,topup,budget,подписка Roblox Premium,3,480.0,2690.0,yookassa|sbp|cryptobot|stars|manual,10,9437,bots/ru/438-roblox-premium
ru-439-honkai-crystals,Honkai,ru,ru,RUB,topup,budget,кристаллы Honkai,3,480.0,2690.0,yookassa|sbp|cryptobot|stars|manual,10,9438,bots/ru/439-honkai-crystals
ru-440-wow-gold,WoW,ru,ru,RUB,topup,budget,золото World of Warcraft,3,480.0,2690.0,yookassa|sbp|cryptobot|stars|manual,10,9439,bots/ru/440-wow-gold
ru-441-steam-wallet,Steam,ru,ru,RUB,topup,budget,пополнение кошелька Steam,3,480.0,2690.0,yookassa|sbp|cryptobot|stars|manual,10,9440,bots/ru/441-steam-wallet
ru-442-telegram-stars-topup,Telegram Stars,ru,ru,RUB,topup,budget,пополнение Telegram Stars,3,480.0,2690.0,yookassa|sbp|cryptobot|stars|manual,10,9441,bots/ru/442-telegram-stars-topup
ru-443-tiktok-coins,TikTok,ru,ru,RUB,topup,budget,монеты TikTok,3,480.0,2690.0,yookassa|sbp|cryptobot|stars|manual,10,9442,bots/ru/443-tiktok-coins
ru-444-discord-boost,Discord,ru,ru,RUB,topup,budget,бусты Discord-сервера,3,480.0,2690.0,yookassa|sbp|cryptobot|stars|manual,10,9443,bots/ru/444-discord-boost
ru-445-cs2-rank-boost,CS2 Буст,ru,ru,RUB,service,standard,прокачка ранга CS2,3,1480.0,7440.0,yookassa|sbp|cryptobot|manual,10,9444,bots/ru/445-cs2-rank-boost
ru-446-dota-mmr,Dota 2 MMR,ru,ru,RUB,service,standard,буст MMR в Dota 2,3,1480.0,7440.0,yookassa|sbp|cryptobot|manual,10,9445,bots/ru/446-dota-mmr
ru-447-valorant-boost,Valorant Буст,ru,ru,RUB,service,standard,буст ранга Valorant,3,1480.0,7440.0,yookassa|sbp|cryptobot|manual,10,9446,bots/ru/447-valorant-boost
ru-448-lol-boost,LoL Буст,ru,ru,RUB,service,standard,буст ранга League of Legends,3,1480.0,7440.0,yookassa|sbp|cryptobot|manual,10,9447,bots/ru/448-lol-boost
ru-449-apex-boost,Apex Буст,ru,ru,RUB,service,standard,буст ранга Apex,3,1480.0,7440.0,yookassa|sbp|cryptobot|manual,10,9448,bots/ru/449-apex-boost
ru-450-wow-boost,WoW Буст,ru,ru,RUB,service,standard,буст в World of Warcraft,3,1480.0,7440.0,yookassa|sbp|cryptobot|manual,10,9449,bots/ru/450-wow-boost
ru-451-tarkov-boost,Tarkov Буст,ru,ru,RUB,service,standard,прокачка в Escape from Tarkov,3,1480.0,7440.0,yookassa|sbp|cryptobot|manual,10,9450,bots/ru/451-tarkov-boost
ru-452-genshin-farm,Genshin Фарм,ru,ru,RUB,service,standard,фарм в Genshin Impact,3,1480.0,7440.0,yookassa|sbp|cryptobot|manual,10,9451,bots/ru/452-genshin-farm
ru-453-destiny-carry,Destiny 2 Carry,ru,ru,RUB,service,standard,рейды в Destiny 2,3,1480.0,7440.0,yookassa|sbp|cryptobot|manual,10,9452,bots/ru/453-destiny-carry
ru-454-fifa-coins,FIFA Монеты,ru,ru,RUB,service,standard,монеты FIFA Ultimate Team,3,1480.0,7440.0,yookassa|sbp|cryptobot|manual,10,9453,bots/ru/454-fifa-coins
ru-455-pubg-boost,PUBG Буст,ru,ru,RUB,service,standard,буст ранга PUBG,3,1480.0,7440.0,yookassa|sbp|cryptobot|manual,10,9454,bots/ru/455-pubg-boost
ru-456-cod-boost,CoD Буст,ru,ru,RUB,service,standard,прокачка в Call of Duty,3,1480.0,7440.0,yookassa|sbp|cryptobot|manual,10,9455,bots/ru/456-cod-boost
ru-457-overwatch-boost,Overwatch Буст,ru,ru,RUB,service,standard,буст ранга Overwatch,3,1480.0,7440.0,yookassa|sbp|cryptobot|manual,10,9456,bots/ru/457-overwatch-boost
ru-458-r6-boost,R6 Буст,ru,ru,RUB,service,standard,буст ранга Rainbow Six,3,1480.0,7440.0,yookassa|sbp|cryptobot|manual,10,9457,bots/ru/458-r6-boost
ru-459-brawl-boost,Brawl Буст,ru,ru,RUB,service,standard,прокачка Brawl Stars,3,1480.0,7440.0,yookassa|sbp|cryptobot|manual,10,9458,bots/ru/459-brawl-boost
ru-460-price-monitor,Мониторинг Цен,ru,ru,RUB,monitor,standard,отслеживание цен,3,730.0,5350.0,yookassa|sbp|cryptobot|manual,20,9459,bots/ru/460-price-monitor
ru-461-wb-monitor,Wildberries Монитор,ru,ru,RUB,monitor,standard,мониторинг цен Wildberries,3,730.0,5350.0,yookassa|sbp|cryptobot|manual,20,9460,bots/ru/461-wb-monitor
ru-462-ozon-monitor,Ozon Монитор,ru,ru,RUB,monitor,standard,мониторинг цен Ozon,3,730.0,5350.0,yookassa|sbp|cryptobot|manual,20,9461,bots/ru/462-ozon-monitor
ru-463-avito-monitor,Авито Монитор,ru,ru,RUB,monitor,standard,мониторинг объявлений Авито,3,730.0,5350.0,yookassa|sbp|cryptobot|manual,20,9462,bots/ru/463-avito-monitor
ru-464-steam-monitor,Steam Монитор,ru,ru,RUB,monitor,standard,мониторинг скидок Steam,3,730.0,5350.0,yookassa|sbp|cryptobot|manual,20,9463,bots/ru/464-steam-monitor
ru-465-skins-monitor,Мониторинг Скинов,ru,ru,RUB,monitor,standard,мониторинг цен на скины,3,730.0,5350.0,yookassa|sbp|cryptobot|manual,20,9464,bots/ru/465-skins-monitor
ru-466-crypto-alerts,Крипто Алерты,ru,ru,RUB,monitor,standard,оповещения о курсах криптовалют,3,730.0,5350.0,yookassa|sbp|cryptobot|ton|manual,20,9465,bots/ru/466-crypto-alerts
ru-467-whale-alerts,Whale Alerts,ru,ru,RUB,monitor,standard,отслеживание крупных транзакций,3,730.0,5350.0,yookassa|sbp|cryptobot|manual,20,9466,bots/ru/467-whale-alerts
ru-468-gas-monitor,Gas Монитор,ru,ru,RUB,monitor,standard,мониторинг комиссий сети,3,730.0,5350.0,yookassa|sbp|cryptobot|manual,20,9467,bots/ru/468-gas-monitor
ru-469-uptime-monitor,Uptime Монитор,ru,ru,RUB,monitor,standard,мониторинг доступности сайтов,3,730.0,5350.0,yookassa|sbp|cryptobot|manual,20,9468,bots/ru/469-uptime-monitor
ru-470-domain-monitor,Домен Монитор,ru,ru,RUB,monitor,standard,мониторинг освобождения доменов,3,730.0,5350.0,yookassa|sbp|cryptobot|manual,20,9469,bots/ru/470-domain-monitor
ru-471-ssl-monitor,SSL Монитор,ru,ru,RUB,monitor,standard,мониторинг сертификатов,3,730.0,5350.0,yookassa|sbp|cryptobot|manual,20,9470,bots/ru/471-ssl-monitor
ru-472-sneaker-monitor,Sneaker Монитор,ru,ru,RUB,monitor,standard,мониторинг дропов кроссовок,3,730.0,5350.0,yookassa|sbp|cryptobot|manual,20,9471,bots/ru/472-sneaker-monitor
ru-473-ticket-monitor,Билет Монитор,ru,ru,RUB,monitor,standard,мониторинг билетов,3,730.0,5350.0,yookassa|sbp|cryptobot|manual,20,9472,bots/ru/473-ticket-monitor
ru-474-flight-monitor,Авиа Монитор,ru,ru,RUB,monitor,standard,мониторинг цен на авиабилеты,3,730.0,5350.0,yookassa|sbp|cryptobot|manual,20,9473,bots/ru/474-flight-monitor
ru-475-job-monitor,Вакансии Монитор,ru,ru,RUB,monitor,standard,мониторинг вакансий,3,730.0,5350.0,yookassa|sbp|cryptobot|manual,20,9474,bots/ru/475-job-monitor
ru-476-tender-monitor,Тендер Монитор,ru,ru,RUB,monitor,standard,мониторинг тендеров,3,730.0,5350.0,yookassa|sbp|cryptobot|manual,20,9475,bots/ru/476-tender-monitor
ru-477-stock-monitor,Наличие Монитор,ru,ru,RUB,monitor,standard,мониторинг наличия товара,3,730.0,5350.0,yookassa|sbp|cryptobot|manual,20,9476,bots/ru/477-stock-monitor
ru-478-realty-monitor,Недвижимость Монитор,ru,ru,RUB,monitor,standard,мониторинг объявлений недвижимости,3,730.0,5350.0,yookassa|sbp|cryptobot|manual,20,9477,bots/ru/478-realty-monitor
ru-479-auction-monitor,Аукцион Монитор,ru,ru,RUB,monitor,standard,мониторинг аукционов,3,730.0,5350.0,yookassa|sbp|cryptobot|manual,20,9478,bots/ru/479-auction-monitor
ru-480-crypto-exchange,Обмен Крипты,ru,ru,RUB,service,premium,обмен криптовалют,3,4890.0,24490.0,yookassa|sbp|cryptobot|ton|manual,10,9479,bots/ru/480-crypto-exchange
ru-481-usdt-exchange,USDT Обмен,ru,ru,RUB,service,premium,обмен USDT,3,4890.0,24490.0,yookassa|sbp|cryptobot|manual,10,9480,bots/ru/481-usdt-exchange
ru-482-btc-exchange,BTC Обмен,ru,ru,RUB,service,premium,обмен биткоина,3,4890.0,24490.0,yookassa|sbp|cryptobot|ton|manual,10,9481,bots/ru/482-btc-exchange
ru-483-ton-exchange,TON Обмен,ru,ru,RUB,service,premium,обмен TON,3,4890.0,24490.0,yookassa|sbp|cryptobot|ton|manual,10,9482,bots/ru/483-ton-exchange
ru-484-cash-crypto,Крипта за Наличные,ru,ru,RUB,service,premium,обмен крипты на наличные,3,4890.0,24490.0,yookassa|sbp|cryptobot|ton|manual,10,9483,bots/ru/484-cash-crypto
ru-485-p2p-service,P2P Сервис,ru,ru,RUB,service,premium,P2P-обмен,3,4890.0,24490.0,yookassa|sbp|cryptobot|ton|manual,10,9484,bots/ru/485-p2p-service
ru-486-crypto-wallet-setup,Настройка Кошелька,ru,ru,RUB,service,premium,настройка криптокошелька,3,4890.0,24490.0,yookassa|sbp|cryptobot|ton|manual,10,9485,bots/ru/486-crypto-wallet-setup
ru-487-crypto-tax-help,Крипто Налоги,ru,ru,RUB,service,premium,отчётность по криптоактивам,3,4890.0,24490.0,yookassa|sbp|cryptobot|ton|manual,10,9486,bots/ru/487-crypto-tax-help
ru-488-mining-rent,Аренда Мощностей,ru,ru,RUB,service,premium,аренда мощностей для майнинга,3,4890.0,24490.0,yookassa|sbp|cryptobot|ton|manual,10,9487,bots/ru/488-mining-rent
ru-489-node-hosting,Хостинг Нод,ru,ru,RUB,service,premium,хостинг блокчейн-нод,3,4890.0,24490.0,yookassa|sbp|cryptobot|manual,10,9488,bots/ru/489-node-hosting
ru-490-smart-audit,Аудит Контрактов,ru,ru,RUB,service,premium,аудит смарт-контрактов,3,4890.0,24490.0,yookassa|sbp|cryptobot|manual,10,9489,bots/ru/490-smart-audit
ru-491-token-launch,Запуск Токена,ru,ru,RUB,service,premium,запуск токена,3,4890.0,24490.0,yookassa|sbp|cryptobot|manual,10,9490,bots/ru/491-token-launch
ru-492-design-service,Дизайн на Заказ,ru,ru,RUB,service,standard,графический дизайн,3,1480.0,7440.0,yookassa|sbp|cryptobot|manual,10,9491,bots/ru/492-design-service
ru-493-logo-service,Логотипы,ru,ru,RUB,service,standard,разработка логотипов,3,1480.0,7440.0,yookassa|sbp|cryptobot|manual,10,9492,bots/ru/493-logo-service
ru-494-video-edit-service,Видеостудия,ru,ru,RUB,service,standard,монтаж видео под ключ,3,1480.0,7440.0,yookassa|sbp|cryptobot|manual,10,9493,bots/ru/494-video-edit-service
ru-495-translate-service,Переводы,ru,ru,RUB,service,standard,перевод текстов,3,1480.0,7440.0,yookassa|sbp|cryptobot|manual,10,9494,bots/ru/495-translate-service
ru-496-copywriting-service,Копирайтинг,ru,ru,RUB,service,standard,написание текстов,3,1480.0,7440.0,yookassa|sbp|cryptobot|manual,10,9495,bots/ru/496-copywriting-service
ru-497-bot-dev-service,Боты на Заказ,ru,ru,RUB,service,standard,разработка Telegram-ботов,3,1480.0,7440.0,yookassa|sbp|cryptobot|manual,10,9496,bots/ru/497-bot-dev-service
ru-498-site-dev-service,Сайты на Заказ,ru,ru,RUB,service,standard,разработка сайтов,3,1480.0,7440.0,yookassa|sbp|cryptobot|manual,10,9497,bots/ru/498-site-dev-service
ru-499-hosting-service,Хостинг,ru,ru,RUB,service,standard,хостинг и VPS,3,1480.0,7440.0,yookassa|sbp|cryptobot|manual,10,9498,bots/ru/499-hosting-service
ru-500-domain-service,Домены,ru,ru,RUB,service,standard,регистрация доменов,3,1480.0,7440.0,yookassa|sbp|cryptobot|manual,10,9499,bots/ru/500-domain-service
eu-001-index-investing,Index Investing 101,eu,en,EUR,course,standard,index investing,3,28.0,173.0,stripe|cryptobot|manual,25,9500,bots/eu/001-index-investing
eu-002-dividend-income,Dividend Income Club,eu,en,EUR,club,premium,dividend investing,3,78.0,631.0,stripe|cryptobot|manual,20,9501,bots/eu/002-dividend-income
eu-003-fire-plan,FIRE Blueprint,eu,en,EUR,course,premium,financial independence,3,78.0,473.0,stripe|cryptobot|manual,25,9502,bots/eu/003-fire-plan
eu-004-options-income,Options Income Desk,eu,en,EUR,signals,premium,options trading,3,35.0,275.0,stripe|cryptobot|manual,20,9503,bots/eu/004-options-income
eu-005-debt-payoff,Debt Payoff Plan,eu,en,EUR,course,budget,debt payoff,3,8.0,53.0,stripe|cryptobot|manual,25,9504,bots/eu/005-debt-payoff
eu-006-budget-app,Zero-Based Budget,eu,en,EUR,saas,budget,budgeting,3,6.0,44.0,stripe|cryptobot|stars|manual,20,9505,bots/eu/006-budget-app
eu-007-tax-eu,EU Tax Advisor,eu,en,EUR,consult,elite,EU taxation,3,198.0,1491.0,stripe|cryptobot|manual,10,9506,bots/eu/007-tax-eu
eu-008-pension-eu,Private Pension EU,eu,de,EUR,course,standard,pension planning,3,28.0,173.0,stripe|cryptobot|manual,25,9507,bots/eu/008-pension-eu
eu-009-etf-sparplan,ETF Sparplan,eu,de,EUR,course,standard,ETF-Sparpläne,3,28.0,173.0,stripe|cryptobot|manual,25,9508,bots/eu/009-etf-sparplan
eu-010-swing-trader,Swing Trader Pro,eu,en,EUR,signals,premium,swing trading,3,35.0,275.0,stripe|cryptobot|manual,20,9509,bots/eu/010-swing-trader
eu-011-real-estate-eu,EU Property Investing,eu,en,EUR,course,premium,property investing,3,78.0,473.0,stripe|cryptobot|manual,25,9510,bots/eu/011-real-estate-eu
eu-012-side-income,Side Income Lab,eu,en,EUR,club,standard,side income,3,28.0,231.0,stripe|cryptobot|manual,20,9511,bots/eu/012-side-income
eu-013-crypto-101-eu,Crypto Foundations,eu,en,EUR,course,standard,cryptocurrency,3,28.0,173.0,stripe|cryptobot|ton|manual,25,9512,bots/eu/013-crypto-101-eu
eu-014-defi-yield-eu,DeFi Yield Room,eu,en,EUR,club,premium,DeFi yield,3,78.0,631.0,stripe|cryptobot|ton|manual,20,9513,bots/eu/014-defi-yield-eu
eu-015-onchain-signals,On-Chain Signals,eu,en,EUR,signals,premium,on-chain analysis,3,35.0,275.0,stripe|cryptobot|manual,20,9514,bots/eu/015-onchain-signals
eu-016-nft-alpha-eu,NFT Alpha,eu,en,EUR,signals,standard,NFT trading,3,12.0,101.0,stripe|cryptobot|ton|manual,20,9515,bots/eu/016-nft-alpha-eu
eu-017-crypto-tax-eu,Crypto Tax Report,eu,en,EUR,service,premium,crypto taxation,3,78.0,394.0,stripe|cryptobot|ton|manual,10,9516,bots/eu/017-crypto-tax-eu
eu-018-solidity-dev,Solidity Developer,eu,en,EUR,course,elite,Solidity,3,198.0,1193.0,stripe|cryptobot|ton|manual,25,9517,bots/eu/018-solidity-dev
eu-019-airdrop-eu,Airdrop Farming,eu,en,EUR,club,standard,airdrop farming,3,28.0,231.0,stripe|cryptobot|ton|manual,20,9518,bots/eu/019-airdrop-eu
eu-020-mining-eu,Mining Profit Tracker,eu,en,EUR,saas,standard,crypto mining,3,22.0,144.0,stripe|cryptobot|ton|manual,20,9519,bots/eu/020-mining-eu
eu-021-stablecoin-yield,Stablecoin Yield,eu,en,EUR,club,standard,stablecoin yield,3,28.0,231.0,stripe|cryptobot|ton|manual,20,9520,bots/eu/021-stablecoin-yield
eu-022-web3-careers,Web3 Careers,eu,en,EUR,club,standard,web3 jobs,3,28.0,231.0,stripe|cryptobot|ton|manual,20,9521,bots/eu/022-web3-careers
eu-023-api-monitor,API Uptime Monitor,eu,en,EUR,saas,standard,API monitoring,3,22.0,144.0,stripe|cryptobot|manual,20,9522,bots/eu/023-api-monitor
eu-024-code-mentor,Code Mentor,eu,en,EUR,consult,premium,code mentoring,3,78.0,591.0,stripe|cryptobot|manual,10,9523,bots/eu/024-code-mentor
eu-025-saas-launch,SaaS Launch Kit,eu,en,EUR,course,premium,SaaS launch,3,78.0,473.0,stripe|cryptobot|manual,25,9524,bots/eu/025-saas-launch
eu-026-indie-hacker,Indie Hacker Club,eu,en,EUR,club,standard,indie hacking,3,28.0,231.0,stripe|cryptobot|manual,20,9525,bots/eu/026-indie-hacker
eu-027-aws-cost,Cloud Cost Audit,eu,en,EUR,service,elite,cloud cost optimisation,3,198.0,994.0,stripe|cryptobot|manual,10,9526,bots/eu/027-aws-cost
eu-028-devops-eu,DevOps Pipeline,eu,en,EUR,course,elite,DevOps,3,198.0,1193.0,stripe|cryptobot|manual,25,9527,bots/eu/028-devops-eu
eu-029-python-eu,Python for Work,eu,en,EUR,course,standard,Python automation,3,28.0,173.0,stripe|cryptobot|manual,25,9528,bots/eu/029-python-eu
eu-030-data-eng,Data Engineering,eu,en,EUR,course,elite,data engineering,3,198.0,1193.0,stripe|cryptobot|manual,25,9529,bots/eu/030-data-eng
eu-031-ai-prompts,Prompt Library,eu,en,EUR,shop,budget,AI prompting,4,5.0,39.0,stripe|cryptobot|stars|manual,30,9530,bots/eu/031-ai-prompts
eu-032-no-code-eu,No-Code Founder,eu,en,EUR,course,standard,no-code,3,28.0,173.0,stripe|cryptobot|manual,25,9531,bots/eu/032-no-code-eu
eu-033-security-audit,Security Audit,eu,en,EUR,service,elite,security auditing,3,198.0,994.0,stripe|cryptobot|manual,10,9532,bots/eu/033-security-audit
eu-034-open-source,Open Source Path,eu,en,EUR,club,standard,open source,3,28.0,231.0,stripe|cryptobot|manual,20,9533,bots/eu/034-open-source
eu-035-home-hiit,Home HIIT,eu,en,EUR,club,budget,home workouts,3,8.0,71.0,stripe|cryptobot|manual,20,9534,bots/eu/035-home-hiit
eu-036-strength-plan,Strength Programme,eu,en,EUR,course,standard,strength training,3,28.0,173.0,stripe|cryptobot|manual,25,9535,bots/eu/036-strength-plan
eu-037-macro-coach,Macro Coaching,eu,en,EUR,service,premium,nutrition coaching,3,78.0,394.0,stripe|cryptobot|manual,10,9536,bots/eu/037-macro-coach
eu-038-marathon-eu,Marathon Sub-4,eu,en,EUR,course,premium,marathon training,3,78.0,473.0,stripe|cryptobot|manual,25,9537,bots/eu/038-marathon-eu
eu-039-yoga-eu,Daily Yoga,eu,en,EUR,club,budget,yoga,3,8.0,71.0,stripe|cryptobot|manual,20,9538,bots/eu/039-yoga-eu
eu-040-sleep-eu,Sleep Protocol,eu,en,EUR,course,budget,sleep improvement,3,8.0,53.0,stripe|cryptobot|manual,25,9539,bots/eu/040-sleep-eu
eu-041-mobility-eu,Desk Worker Mobility,eu,en,EUR,course,standard,mobility training,3,28.0,173.0,stripe|cryptobot|manual,25,9540,bots/eu/041-mobility-eu
eu-042-ernaehrung,Ernährungsplan,eu,de,EUR,course,standard,Ernährung,3,28.0,173.0,stripe|cryptobot|manual,25,9541,bots/eu/042-ernaehrung
eu-043-fitness-de,Fitness Zuhause,eu,de,EUR,club,budget,Heimtraining,3,8.0,71.0,stripe|cryptobot|manual,20,9542,bots/eu/043-fitness-de
eu-044-mental-fit,Mental Fitness,eu,en,EUR,club,standard,mental fitness,3,28.0,231.0,stripe|cryptobot|manual,20,9543,bots/eu/044-mental-fit
eu-045-longevity,Longevity Review,eu,en,EUR,consult,elite,longevity,3,198.0,1491.0,stripe|cryptobot|manual,10,9544,bots/eu/045-longevity
eu-046-nutricion-es,Nutrición Práctica,eu,es,EUR,course,standard,nutrición,3,28.0,173.0,stripe|cryptobot|manual,25,9545,bots/eu/046-nutricion-es
eu-047-cv-rewrite,CV Rewrite,eu,en,EUR,service,standard,CV writing,3,28.0,144.0,stripe|cryptobot|manual,10,9546,bots/eu/047-cv-rewrite
eu-048-interview-prep,Interview Coaching,eu,en,EUR,consult,premium,interview preparation,3,78.0,591.0,stripe|cryptobot|manual,10,9547,bots/eu/048-interview-prep
eu-049-salary-nego,Salary Negotiation,eu,en,EUR,course,standard,salary negotiation,3,28.0,173.0,stripe|cryptobot|manual,25,9548,bots/eu/049-salary-nego
eu-050-german-b1,German B1 Sprint,eu,de,EUR,course,standard,German language,3,28.0,173.0,stripe|cryptobot|manual,25,9549,bots/eu/050-german-b1
eu-051-english-biz,Business English,eu,en,EUR,club,standard,business English,3,28.0,231.0,stripe|cryptobot|manual,20,9550,bots/eu/051-english-biz
eu-052-spanish-es,Español Conversación,eu,es,EUR,club,budget,español,3,8.0,71.0,stripe|cryptobot|manual,20,9551,bots/eu/052-spanish-es
eu-053-pmp-prep,PMP Exam Prep,eu,en,EUR,course,premium,PMP certification,3,78.0,473.0,stripe|cryptobot|manual,25,9552,bots/eu/053-pmp-prep
eu-054-study-abroad,Study Abroad EU,eu,en,EUR,consult,elite,studying abroad,3,198.0,1491.0,stripe|cryptobot|manual,10,9553,bots/eu/054-study-abroad
eu-055-freelance-start,Freelance Launch,eu,en,EUR,course,standard,freelancing,3,28.0,173.0,stripe|cryptobot|manual,25,9554,bots/eu/055-freelance-start
eu-056-remote-jobs,Remote Job Feed,eu,en,EUR,signals,budget,remote work,3,5.0,31.0,stripe|cryptobot|stars|manual,20,9555,bots/eu/056-remote-jobs
eu-057-public-speaking-eu,Speak with Impact,eu,en,EUR,course,premium,public speaking,3,78.0,473.0,stripe|cryptobot|manual,25,9556,bots/eu/057-public-speaking-eu
eu-058-notion-systems,Notion Systems,eu,en,EUR,shop,budget,Notion templates,4,5.0,39.0,stripe|cryptobot|stars|manual,30,9557,bots/eu/058-notion-systems
eu-059-meta-ads,Meta Ads Mastery,eu,en,EUR,course,premium,Meta advertising,3,78.0,473.0,stripe|cryptobot|manual,25,9558,bots/eu/059-meta-ads
eu-060-google-ads,Google Ads Management,eu,en,EUR,service,elite,Google Ads,3,198.0,994.0,stripe|cryptobot|manual,10,9559,bots/eu/060-google-ads
eu-061-seo-eu,SEO Growth,eu,en,EUR,service,elite,SEO,3,198.0,994.0,stripe|cryptobot|manual,10,9560,bots/eu/061-seo-eu
eu-062-email-eu,Email Revenue,eu,en,EUR,course,standard,email marketing,3,28.0,173.0,stripe|cryptobot|manual,25,9561,bots/eu/062-email-eu
eu-063-content-eu,Content Calendar,eu,en,EUR,saas,standard,content marketing,3,22.0,144.0,stripe|cryptobot|manual,20,9562,bots/eu/063-content-eu
eu-064-shopify-store,Shopify Store Build,eu,en,EUR,service,premium,Shopify,3,78.0,394.0,stripe|cryptobot|manual,10,9563,bots/eu/064-shopify-store
eu-065-amazon-fba,Amazon FBA EU,eu,en,EUR,course,premium,Amazon FBA,3,78.0,473.0,stripe|cryptobot|manual,25,9564,bots/eu/065-amazon-fba
eu-066-copywriting-eu,Conversion Copywriting,eu,en,EUR,course,premium,copywriting,3,78.0,473.0,stripe|cryptobot|manual,25,9565,bots/eu/066-copywriting-eu
eu-067-branding-eu,Brand Identity,eu,en,EUR,service,premium,branding,3,78.0,394.0,stripe|cryptobot|manual,10,9566,bots/eu/067-branding-eu
eu-068-tiktok-growth,Short-Form Growth,eu,en,EUR,course,standard,short-form video,3,28.0,173.0,stripe|cryptobot|manual,25,9567,bots/eu/068-tiktok-growth
eu-069-agency-scale,Agency Scaling,eu,en,EUR,consult,elite,agency growth,3,198.0,1491.0,stripe|cryptobot|manual,10,9568,bots/eu/069-agency-scale
eu-070-marketing-de,Online Marketing DE,eu,de,EUR,course,premium,Online-Marketing,3,78.0,473.0,stripe|cryptobot|manual,25,9569,bots/eu/070-marketing-de
eu-071-dropship-eu,Dropshipping EU,eu,en,EUR,course,premium,dropshipping,3,78.0,473.0,stripe|cryptobot|manual,25,9570,bots/eu/071-dropship-eu
eu-072-print-demand,Print on Demand,eu,en,EUR,course,standard,print on demand,3,28.0,173.0,stripe|cryptobot|manual,25,9571,bots/eu/072-print-demand
eu-073-etsy-shop,Etsy Shop Growth,eu,en,EUR,course,standard,Etsy,3,28.0,173.0,stripe|cryptobot|manual,25,9572,bots/eu/073-etsy-shop
eu-074-product-source,Product Sourcing,eu,en,EUR,service,premium,product sourcing,3,78.0,394.0,stripe|cryptobot|manual,10,9573,bots/eu/074-product-source
eu-075-ecom-analytics,E-com Analytics,eu,en,EUR,saas,premium,e-commerce analytics,3,62.0,394.0,stripe|cryptobot|manual,20,9574,bots/eu/075-ecom-analytics
eu-076-vat-oss,EU VAT & OSS,eu,en,EUR,consult,premium,EU VAT,3,78.0,591.0,stripe|cryptobot|manual,10,9575,bots/eu/076-vat-oss
eu-077-packaging-design,Packaging Design,eu,en,EUR,service,premium,packaging design,3,78.0,394.0,stripe|cryptobot|manual,10,9576,bots/eu/077-packaging-design
eu-078-subscription-box,Subscription Box,eu,en,EUR,course,standard,subscription boxes,3,28.0,173.0,stripe|cryptobot|manual,25,9577,bots/eu/078-subscription-box
eu-079-wholesale-eu,Wholesale Deals,eu,en,EUR,club,standard,wholesale,3,28.0,231.0,stripe|cryptobot|manual,20,9578,bots/eu/079-wholesale-eu
eu-080-returns-fix,Returns Reduction,eu,en,EUR,consult,premium,returns management,3,78.0,591.0,stripe|cryptobot|manual,10,9579,bots/eu/080-returns-fix
eu-081-photo-eu,Photography Craft,eu,en,EUR,course,standard,photography,3,28.0,173.0,stripe|cryptobot|manual,25,9580,bots/eu/081-photo-eu
eu-082-video-eu,Video Editing,eu,en,EUR,course,standard,video editing,3,28.0,173.0,stripe|cryptobot|manual,25,9581,bots/eu/082-video-eu
eu-083-cooking-eu,Cooking Club,eu,en,EUR,club,budget,cooking,3,8.0,71.0,stripe|cryptobot|manual,20,9582,bots/eu/083-cooking-eu
eu-084-wine-eu,Wine Discovery,eu,en,EUR,club,standard,wine,3,28.0,231.0,stripe|cryptobot|manual,20,9583,bots/eu/084-wine-eu
eu-085-guitar-eu,Guitar in 30 Days,eu,en,EUR,course,budget,guitar,3,8.0,53.0,stripe|cryptobot|manual,25,9584,bots/eu/085-guitar-eu
eu-086-chess-eu,Chess Improvement,eu,en,EUR,club,standard,chess,3,28.0,231.0,stripe|cryptobot|manual,20,9585,bots/eu/086-chess-eu
eu-087-garden-eu,Urban Gardening,eu,en,EUR,club,budget,urban gardening,3,8.0,71.0,stripe|cryptobot|manual,20,9586,bots/eu/087-garden-eu
eu-088-travel-hack,Flight Deal Alerts,eu,en,EUR,signals,budget,flight deals,3,5.0,31.0,stripe|cryptobot|stars|manual,20,9587,bots/eu/088-travel-hack
eu-089-van-life,Van Conversion Plans,eu,en,EUR,shop,standard,van conversion,4,16.0,129.0,stripe|cryptobot|manual,30,9588,bots/eu/089-van-life
eu-090-running-eu,Running Club,eu,en,EUR,club,budget,running,3,8.0,71.0,stripe|cryptobot|manual,20,9589,bots/eu/090-running-eu
eu-091-relocate-eu,Relocation to Europe,eu,en,EUR,consult,elite,relocation,3,198.0,1491.0,stripe|cryptobot|manual,10,9590,bots/eu/091-relocate-eu
eu-092-digital-nomad,Digital Nomad Setup,eu,en,EUR,course,premium,digital nomad life,3,78.0,473.0,stripe|cryptobot|manual,25,9591,bots/eu/092-digital-nomad
eu-093-mortgage-eu,EU Mortgage Advice,eu,en,EUR,consult,elite,mortgages,3,198.0,1491.0,stripe|cryptobot|manual,10,9592,bots/eu/093-mortgage-eu
eu-094-rental-mgmt,Rental Manager,eu,en,EUR,saas,standard,rental management,3,22.0,144.0,stripe|cryptobot|manual,20,9593,bots/eu/094-rental-mgmt
eu-095-gmbh-setup,Company Formation,eu,en,EUR,service,elite,company formation,3,198.0,994.0,stripe|cryptobot|manual,10,9594,bots/eu/095-gmbh-setup
eu-096-contract-eu,Contract Review,eu,en,EUR,service,premium,contract review,3,78.0,394.0,stripe|cryptobot|manual,10,9595,bots/eu/096-contract-eu
eu-097-gdpr-comply,GDPR Compliance,eu,en,EUR,service,premium,GDPR compliance,3,78.0,394.0,stripe|cryptobot|manual,10,9596,bots/eu/097-gdpr-comply
eu-098-interior-eu,Interior Design,eu,en,EUR,service,elite,interior design,3,198.0,994.0,stripe|cryptobot|manual,10,9597,bots/eu/098-interior-eu
eu-099-inmobiliaria-es,Inmobiliaria Directa,eu,es,EUR,leadgen,premium,inmobiliaria,3,27.0,315.0,stripe|cryptobot|manual,5,9598,bots/eu/099-inmobiliaria-es
eu-100-umzug-de,Umzugsservice,eu,de,EUR,leadgen,standard,Umzüge,3,9.0,115.0,stripe|cryptobot|manual,5,9599,bots/eu/100-umzug-de
eu-101-hubspot-eu,HubSpot Access,eu,en,EUR,accounts,standard,HubSpot CRM access,3,28.0,98.0,stripe|cryptobot|manual,15,9600,bots/eu/101-hubspot-eu
eu-102-salesforce-eu,Salesforce Access,eu,en,EUR,accounts,standard,Salesforce CRM access,3,28.0,98.0,stripe|cryptobot|manual,15,9601,bots/eu/102-salesforce-eu
eu-103-mailchimp-eu,Mailchimp Access,eu,en,EUR,accounts,standard,Mailchimp email marketing access,3,28.0,98.0,stripe|cryptobot|manual,15,9602,bots/eu/103-mailchimp-eu
eu-104-klaviyo-eu,Klaviyo Access,eu,en,EUR,accounts,standard,Klaviyo email marketing access,3,28.0,98.0,stripe|cryptobot|manual,15,9603,bots/eu/104-klaviyo-eu
eu-105-activecampaign-eu,ActiveCampaign Access,eu,en,EUR,accounts,standard,ActiveCampaign automation access,3,28.0,98.0,stripe|cryptobot|manual,15,9604,bots/eu/105-activecampaign-eu
eu-106-semrush-eu,Semrush Access,eu,en,EUR,accounts,standard,Semrush SEO tool access,3,28.0,98.0,stripe|cryptobot|manual,15,9605,bots/eu/106-semrush-eu
eu-107-ahrefs-eu,Ahrefs Access,eu,en,EUR,accounts,standard,Ahrefs SEO tool access,3,28.0,98.0,stripe|cryptobot|manual,15,9606,bots/eu/107-ahrefs-eu
eu-108-moz-pro-eu,Moz Pro Access,eu,en,EUR,accounts,standard,Moz Pro SEO tool access,3,28.0,98.0,stripe|cryptobot|manual,15,9607,bots/eu/108-moz-pro-eu
eu-109-similarweb-eu,Similarweb Access,eu,en,EUR,accounts,standard,Similarweb analytics access,3,28.0,98.0,stripe|cryptobot|manual,15,9608,bots/eu/109-similarweb-eu
eu-110-hotjar-eu,Hotjar Access,eu,en,EUR,accounts,standard,Hotjar analytics access,3,28.0,98.0,stripe|cryptobot|manual,15,9609,bots/eu/110-hotjar-eu
eu-111-mixpanel-eu,Mixpanel Access,eu,en,EUR,accounts,standard,Mixpanel product analytics access,3,28.0,98.0,stripe|cryptobot|manual,15,9610,bots/eu/111-mixpanel-eu
eu-112-amplitude-eu,Amplitude Access,eu,en,EUR,accounts,standard,Amplitude product analytics access,3,28.0,98.0,stripe|cryptobot|manual,15,9611,bots/eu/112-amplitude-eu
eu-113-segment-eu,Segment Access,eu,en,EUR,accounts,standard,Segment data pipeline access,3,28.0,98.0,stripe|cryptobot|manual,15,9612,bots/eu/113-segment-eu
eu-114-intercom-eu,Intercom Access,eu,en,EUR,accounts,standard,Intercom support tool access,3,28.0,98.0,stripe|cryptobot|manual,15,9613,bots/eu/114-intercom-eu
eu-115-zendesk-eu,Zendesk Access,eu,en,EUR,accounts,standard,Zendesk helpdesk access,3,28.0,98.0,stripe|cryptobot|manual,15,9614,bots/eu/115-zendesk-eu
eu-116-freshdesk-eu,Freshdesk Access,eu,en,EUR,accounts,standard,Freshdesk helpdesk access,3,28.0,98.0,stripe|cryptobot|manual,15,9615,bots/eu/116-freshdesk-eu
eu-117-calendly-eu,Calendly Access,eu,en,EUR,accounts,standard,Calendly scheduling access,3,28.0,98.0,stripe|cryptobot|manual,15,9616,bots/eu/117-calendly-eu
eu-118-typeform-eu,Typeform Access,eu,en,EUR,accounts,standard,Typeform form tool access,3,28.0,98.0,stripe|cryptobot|manual,15,9617,bots/eu/118-typeform-eu
eu-119-airtable-eu,Airtable Access,eu,en,EUR,accounts,standard,Airtable database access,3,28.0,98.0,stripe|cryptobot|manual,15,9618,bots/eu/119-airtable-eu
eu-120-monday-eu,Monday.com Access,eu,en,EUR,accounts,standard,Monday.com project tool access,3,28.0,98.0,stripe|cryptobot|manual,15,9619,bots/eu/120-monday-eu
eu-121-clickup-eu,ClickUp Access,eu,en,EUR,accounts,standard,ClickUp project tool access,3,28.0,98.0,stripe|cryptobot|manual,15,9620,bots/eu/121-clickup-eu
eu-122-linear-app-eu,Linear Access,eu,en,EUR,accounts,standard,Linear issue tracker access,3,28.0,98.0,stripe|cryptobot|manual,15,9621,bots/eu/122-linear-app-eu
eu-123-jira-eu,Jira Access,eu,en,EUR,accounts,standard,Jira issue tracker access,3,28.0,98.0,stripe|cryptobot|manual,15,9622,bots/eu/123-jira-eu
eu-124-confluence-eu,Confluence Access,eu,en,EUR,accounts,standard,Confluence wiki access,3,28.0,98.0,stripe|cryptobot|manual,15,9623,bots/eu/124-confluence-eu
eu-125-basecamp-eu,Basecamp Access,eu,en,EUR,accounts,standard,Basecamp project tool access,3,28.0,98.0,stripe|cryptobot|manual,15,9624,bots/eu/125-basecamp-eu
eu-126-aws-acc-eu,AWS Accounts,eu,en,EUR,accounts,standard,AWS cloud accounts,3,28.0,98.0,stripe|cryptobot|manual,15,9625,bots/eu/126-aws-acc-eu
eu-127-gcp-acc-eu,Google Cloud Accounts,eu,en,EUR,accounts,standard,Google Cloud cloud accounts,3,28.0,98.0,stripe|cryptobot|manual,15,9626,bots/eu/127-gcp-acc-eu
eu-128-azure-acc-eu,Azure Accounts,eu,en,EUR,accounts,standard,Azure cloud accounts,3,28.0,98.0,stripe|cryptobot|manual,15,9627,bots/eu/128-azure-acc-eu
eu-129-digitalocean-eu,DigitalOcean Accounts,eu,en,EUR,accounts,standard,DigitalOcean VPS accounts,3,28.0,98.0,stripe|cryptobot|manual,15,9628,bots/eu/129-digitalocean-eu
eu-130-hetzner-eu,Hetzner Accounts,eu,en,EUR,accounts,standard,Hetzner server accounts,3,28.0,98.0,stripe|cryptobot|manual,15,9629,bots/eu/130-hetzner-eu
eu-131-vultr-eu,Vultr Accounts,eu,en,EUR,accounts,standard,Vultr VPS accounts,3,28.0,98.0,stripe|cryptobot|manual,15,9630,bots/eu/131-vultr-eu
eu-132-linode-eu,Akamai Linode Accounts,eu,en,EUR,accounts,standard,Akamai Linode VPS accounts,3,28.0,98.0,stripe|cryptobot|manual,15,9631,bots/eu/132-linode-eu
eu-133-cloudflare-acc-eu,Cloudflare Accounts,eu,en,EUR,accounts,standard,Cloudflare CDN accounts,3,28.0,98.0,stripe|cryptobot|manual,15,9632,bots/eu/133-cloudflare-acc-eu
eu-134-vercel-eu,Vercel Accounts,eu,en,EUR,accounts,standard,Vercel hosting accounts,3,28.0,98.0,stripe|cryptobot|manual,15,9633,bots/eu/134-vercel-eu
eu-135-netlify-eu,Netlify Accounts,eu,en,EUR,accounts,standard,Netlify hosting accounts,3,28.0,98.0,stripe|cryptobot|manual,15,9634,bots/eu/135-netlify-eu
eu-136-railway-app-eu,Railway Accounts,eu,en,EUR,accounts,standard,Railway hosting accounts,3,28.0,98.0,stripe|cryptobot|manual,15,9635,bots/eu/136-railway-app-eu
eu-137-render-com-eu,Render Accounts,eu,en,EUR,accounts,standard,Render hosting accounts,3,28.0,98.0,stripe|cryptobot|manual,15,9636,bots/eu/137-render-com-eu
eu-138-fly-io-eu,Fly.io Accounts,eu,en,EUR,accounts,standard,Fly.io hosting accounts,3,28.0,98.0,stripe|cryptobot|manual,15,9637,bots/eu/138-fly-io-eu
eu-139-namecheap-eu,Namecheap Accounts,eu,en,EUR,accounts,standard,Namecheap domain accounts,3,28.0,98.0,stripe|cryptobot|manual,15,9638,bots/eu/139-namecheap-eu
eu-140-godaddy-eu,GoDaddy Accounts,eu,en,EUR,accounts,standard,GoDaddy domain accounts,3,28.0,98.0,stripe|cryptobot|manual,15,9639,bots/eu/140-godaddy-eu
eu-141-adobe-stock-eu,Adobe Stock Access,eu,en,EUR,accounts,budget,Adobe Stock stock media access,3,8.0,30.0,stripe|cryptobot|stars|manual,15,9640,bots/eu/141-adobe-stock-eu
eu-142-getty-eu,Getty Images Access,eu,en,EUR,accounts,budget,Getty Images stock media access,3,8.0,30.0,stripe|cryptobot|stars|manual,15,9641,bots/eu/142-getty-eu
eu-143-unsplash-plus-eu,Unsplash+ Access,eu,en,EUR,accounts,budget,Unsplash+ stock media access,3,8.0,30.0,stripe|cryptobot|stars|manual,15,9642,bots/eu/143-unsplash-plus-eu
eu-144-artlist-eu,Artlist Access,eu,en,EUR,accounts,budget,Artlist music licence access,3,8.0,30.0,stripe|cryptobot|stars|manual,15,9643,bots/eu/144-artlist-eu
eu-145-epidemic-sound-eu,Epidemic Sound Access,eu,en,EUR,accounts,budget,Epidemic Sound music licence access,3,8.0,30.0,stripe|cryptobot|stars|manual,15,9644,bots/eu/145-epidemic-sound-eu
eu-146-motion-array-eu,Motion Array Access,eu,en,EUR,accounts,budget,Motion Array template access,3,8.0,30.0,stripe|cryptobot|stars|manual,15,9645,bots/eu/146-motion-array-eu
eu-147-placeit-eu,Placeit Access,eu,en,EUR,accounts,budget,Placeit mockup access,3,8.0,30.0,stripe|cryptobot|stars|manual,15,9646,bots/eu/147-placeit-eu
eu-148-capcut-pro-eu,CapCut Pro Access,eu,en,EUR,accounts,budget,CapCut Pro editor access,3,8.0,30.0,stripe|cryptobot|stars|manual,15,9647,bots/eu/148-capcut-pro-eu
eu-149-filmora-eu,Filmora Access,eu,en,EUR,accounts,budget,Filmora editor access,3,8.0,30.0,stripe|cryptobot|stars|manual,15,9648,bots/eu/149-filmora-eu
eu-150-davinci-eu,DaVinci Resolve Access,eu,en,EUR,accounts,budget,DaVinci Resolve editor licences,3,8.0,30.0,stripe|cryptobot|stars|manual,15,9649,bots/eu/150-davinci-eu
eu-151-affinity-eu,Affinity Access,eu,en,EUR,accounts,budget,Affinity design licences,3,8.0,30.0,stripe|cryptobot|stars|manual,15,9650,bots/eu/151-affinity-eu
eu-152-sketch-app-eu,Sketch Access,eu,en,EUR,accounts,budget,Sketch design access,3,8.0,30.0,stripe|cryptobot|stars|manual,15,9651,bots/eu/152-sketch-app-eu
eu-153-procreate-eu,Procreate Access,eu,en,EUR,accounts,budget,Procreate app licences,3,8.0,30.0,stripe|cryptobot|stars|manual,15,9652,bots/eu/153-procreate-eu
eu-154-blender-market-eu,Blender Market Access,eu,en,EUR,accounts,budget,Blender Market asset access,3,8.0,30.0,stripe|cryptobot|stars|manual,15,9653,bots/eu/154-blender-market-eu
eu-155-skillshare-eu,Skillshare Access,eu,en,EUR,accounts,budget,Skillshare course access,3,8.0,30.0,stripe|cryptobot|stars|manual,15,9654,bots/eu/155-skillshare-eu
eu-156-quickbooks-eu,QuickBooks Access,eu,en,EUR,accounts,premium,QuickBooks accounting access,3,78.0,268.0,stripe|cryptobot|manual,15,9655,bots/eu/156-quickbooks-eu
eu-157-xero-eu,Xero Access,eu,en,EUR,accounts,premium,Xero accounting access,3,78.0,268.0,stripe|cryptobot|manual,15,9656,bots/eu/157-xero-eu
eu-158-freshbooks-eu,FreshBooks Access,eu,en,EUR,accounts,premium,FreshBooks invoicing access,3,78.0,268.0,stripe|cryptobot|manual,15,9657,bots/eu/158-freshbooks-eu
eu-159-stripe-atlas-eu,Stripe Atlas Access,eu,en,EUR,accounts,premium,Stripe Atlas incorporation help,3,78.0,268.0,stripe|cryptobot|manual,15,9658,bots/eu/159-stripe-atlas-eu
eu-160-tradingview-eu,TradingView Access,eu,en,EUR,accounts,premium,TradingView charting access,3,78.0,268.0,stripe|cryptobot|manual,15,9659,bots/eu/160-tradingview-eu
eu-161-koyfin-eu,Koyfin Access,eu,en,EUR,accounts,premium,Koyfin market data access,3,78.0,268.0,stripe|cryptobot|manual,15,9660,bots/eu/161-koyfin-eu
eu-162-seeking-alpha-eu,Seeking Alpha Access,eu,en,EUR,accounts,premium,Seeking Alpha research access,3,78.0,268.0,stripe|cryptobot|manual,15,9661,bots/eu/162-seeking-alpha-eu
eu-163-morningstar-eu,Morningstar Access,eu,en,EUR,accounts,premium,Morningstar research access,3,78.0,268.0,stripe|cryptobot|manual,15,9662,bots/eu/163-morningstar-eu
eu-164-bloomberg-lite-eu,Market Data Access,eu,en,EUR,accounts,premium,Market Data market data access,3,78.0,268.0,stripe|cryptobot|manual,15,9663,bots/eu/164-bloomberg-lite-eu
eu-165-yahoo-finance-plus-eu,Yahoo Finance Plus Access,eu,en,EUR,accounts,premium,Yahoo Finance Plus research access,3,78.0,268.0,stripe|cryptobot|manual,15,9664,bots/eu/165-yahoo-finance-plus-eu
eu-166-wsj-eu,WSJ Access,eu,en,EUR,accounts,premium,WSJ news subscriptions,3,78.0,268.0,stripe|cryptobot|manual,15,9665,bots/eu/166-wsj-eu
eu-167-ft-com-eu,Financial Times Access,eu,en,EUR,accounts,premium,Financial Times news subscriptions,3,78.0,268.0,stripe|cryptobot|manual,15,9666,bots/eu/167-ft-com-eu
eu-168-economist-eu,The Economist Access,eu,en,EUR,accounts,premium,The Economist news subscriptions,3,78.0,268.0,stripe|cryptobot|manual,15,9667,bots/eu/168-economist-eu
eu-169-nyt-eu,New York Times Access,eu,en,EUR,accounts,premium,New York Times news subscriptions,3,78.0,268.0,stripe|cryptobot|manual,15,9668,bots/eu/169-nyt-eu
eu-170-bloomberg-news-eu,Bloomberg Access,eu,en,EUR,accounts,premium,Bloomberg news subscriptions,3,78.0,268.0,stripe|cryptobot|manual,15,9669,bots/eu/170-bloomberg-news-eu
eu-171-1password-eu,1Password Keys,eu,en,EUR,keys,budget,1Password password manager access,3,8.0,71.0,stripe|cryptobot|manual,15,9670,bots/eu/171-1password-eu
eu-172-bitwarden-eu,Bitwarden Keys,eu,en,EUR,keys,budget,Bitwarden password manager access,3,8.0,71.0,stripe|cryptobot|manual,15,9671,bots/eu/172-bitwarden-eu
eu-173-lastpass-eu,LastPass Keys,eu,en,EUR,keys,budget,LastPass password manager access,3,8.0,71.0,stripe|cryptobot|manual,15,9672,bots/eu/173-lastpass-eu
eu-174-dashlane-eu,Dashlane Keys,eu,en,EUR,keys,budget,Dashlane password manager access,3,8.0,71.0,stripe|cryptobot|manual,15,9673,bots/eu/174-dashlane-eu
eu-175-malwarebytes-eu,Malwarebytes Keys,eu,en,EUR,keys,budget,Malwarebytes security licences,3,8.0,71.0,stripe|cryptobot|manual,15,9674,bots/eu/175-malwarebytes-eu
eu-176-bitdefender-eu,Bitdefender Keys,eu,en,EUR,keys,budget,Bitdefender security licences,3,8.0,71.0,stripe|cryptobot|manual,15,9675,bots/eu/176-bitdefender-eu
eu-177-kaspersky-eu-eu,Kaspersky Keys,eu,en,EUR,keys,budget,Kaspersky security licences,3,8.0,71.0,stripe|cryptobot|manual,15,9676,bots/eu/177-kaspersky-eu-eu
eu-178-eset-eu,ESET Keys,eu,en,EUR,keys,budget,ESET security licences,3,8.0,71.0,stripe|cryptobot|manual,15,9677,bots/eu/178-eset-eu
eu-179-norton-eu,Norton Keys,eu,en,EUR,keys,budget,Norton security licences,3,8.0,71.0,stripe|cryptobot|ton|manual,15,9678,bots/eu/179-norton-eu
eu-180-mcafee-eu,McAfee Keys,eu,en,EUR,keys,budget,McAfee security licences,3,8.0,71.0,stripe|cryptobot|manual,15,9679,bots/eu/180-mcafee-eu
eu-181-datacamp-eu,DataCamp Access,eu,en,EUR,accounts,budget,DataCamp course access,3,8.0,30.0,stripe|cryptobot|stars|manual,15,9680,bots/eu/181-datacamp-eu
eu-182-pluralsight-eu,Pluralsight Access,eu,en,EUR,accounts,budget,Pluralsight course access,3,8.0,30.0,stripe|cryptobot|stars|manual,15,9681,bots/eu/182-pluralsight-eu
eu-183-codecademy-eu,Codecademy Access,eu,en,EUR,accounts,budget,Codecademy course access,3,8.0,30.0,stripe|cryptobot|stars|manual,15,9682,bots/eu/183-codecademy-eu
eu-184-educative-eu,Educative Access,eu,en,EUR,accounts,budget,Educative course access,3,8.0,30.0,stripe|cryptobot|stars|manual,15,9683,bots/eu/184-educative-eu
eu-185-frontend-masters-eu,Frontend Masters Access,eu,en,EUR,accounts,budget,Frontend Masters course access,3,8.0,30.0,stripe|cryptobot|stars|manual,15,9684,bots/eu/185-frontend-masters-eu
eu-186-leetcode-premium-eu,LeetCode Premium Access,eu,en,EUR,accounts,budget,LeetCode Premium practice access,3,8.0,30.0,stripe|cryptobot|stars|manual,15,9685,bots/eu/186-leetcode-premium-eu
eu-187-brilliant-eu,Brilliant Access,eu,en,EUR,accounts,budget,Brilliant course access,3,8.0,30.0,stripe|cryptobot|stars|manual,15,9686,bots/eu/187-brilliant-eu
eu-188-masterclass-eu,MasterClass Access,eu,en,EUR,accounts,budget,MasterClass course access,3,8.0,30.0,stripe|cryptobot|stars|manual,15,9687,bots/eu/188-masterclass-eu
eu-189-babbel-eu,Babbel Access,eu,en,EUR,accounts,budget,Babbel language access,3,8.0,30.0,stripe|cryptobot|stars|manual,15,9688,bots/eu/189-babbel-eu
eu-190-busuu-eu,Busuu Access,eu,en,EUR,accounts,budget,Busuu language access,3,8.0,30.0,stripe|cryptobot|stars|manual,15,9689,bots/eu/190-busuu-eu
eu-191-rosetta-eu,Rosetta Stone Access,eu,en,EUR,accounts,budget,Rosetta Stone language access,3,8.0,30.0,stripe|cryptobot|stars|ton|manual,15,9690,bots/eu/191-rosetta-eu
eu-192-italki-eu,italki Access,eu,en,EUR,accounts,budget,italki tutoring credits,3,8.0,30.0,stripe|cryptobot|stars|manual,15,9691,bots/eu/192-italki-eu
eu-193-preply-eu,Preply Access,eu,en,EUR,accounts,budget,Preply tutoring credits,3,8.0,30.0,stripe|cryptobot|stars|manual,15,9692,bots/eu/193-preply-eu
eu-194-khan-plus-eu,Khan Academy Access,eu,en,EUR,accounts,budget,Khan Academy course access,3,8.0,30.0,stripe|cryptobot|stars|manual,15,9693,bots/eu/194-khan-plus-eu
eu-195-edx-eu,edX Access,eu,en,EUR,accounts,budget,edX course access,3,8.0,30.0,stripe|cryptobot|stars|manual,15,9694,bots/eu/195-edx-eu
eu-196-futurelearn-eu,FutureLearn Access,eu,en,EUR,accounts,budget,FutureLearn course access,3,8.0,30.0,stripe|cryptobot|stars|manual,15,9695,bots/eu/196-futurelearn-eu
eu-197-mindvalley-eu,Mindvalley Access,eu,en,EUR,accounts,budget,Mindvalley course access,3,8.0,30.0,stripe|cryptobot|stars|manual,15,9696,bots/eu/197-mindvalley-eu
eu-198-blinkist-eu,Blinkist Access,eu,en,EUR,accounts,budget,Blinkist summaries access,3,8.0,30.0,stripe|cryptobot|stars|manual,15,9697,bots/eu/198-blinkist-eu
eu-199-headway-app-eu,Headway Access,eu,en,EUR,accounts,budget,Headway summaries access,3,8.0,30.0,stripe|cryptobot|stars|manual,15,9698,bots/eu/199-headway-app-eu
eu-200-scribd-eu,Scribd Access,eu,en,EUR,accounts,budget,Scribd library access,3,8.0,30.0,stripe|cryptobot|stars|manual,15,9699,bots/eu/200-scribd-eu
eu-201-audible-plus-eu,Audible Plus Access,eu,en,EUR,accounts,budget,Audible Plus audiobook access,3,8.0,30.0,stripe|cryptobot|stars|manual,15,9700,bots/eu/201-audible-plus-eu
eu-202-coursera-plus-eu,Coursera Plus Access,eu,en,EUR,accounts,budget,Coursera Plus course access,3,8.0,30.0,stripe|cryptobot|stars|manual,15,9701,bots/eu/202-coursera-plus-eu
eu-203-udacity-eu,Udacity Access,eu,en,EUR,accounts,budget,Udacity nanodegree access,3,8.0,30.0,stripe|cryptobot|stars|manual,15,9702,bots/eu/203-udacity-eu
eu-204-gamivo-eu,Gamivo Accounts,eu,en,EUR,accounts,budget,Gamivo game key marketplace accounts,3,8.0,30.0,stripe|cryptobot|stars|manual,15,9703,bots/eu/204-gamivo-eu
eu-205-g2a-acc-eu,G2A Accounts,eu,en,EUR,accounts,budget,G2A marketplace accounts,3,8.0,30.0,stripe|cryptobot|stars|manual,15,9704,bots/eu/205-g2a-acc-eu
eu-206-humble-bundle-eu,Humble Bundle Accounts,eu,en,EUR,accounts,budget,Humble Bundle bundle accounts,3,8.0,30.0,stripe|cryptobot|stars|manual,15,9705,bots/eu/206-humble-bundle-eu
eu-207-fanatical-eu,Fanatical Accounts,eu,en,EUR,accounts,budget,Fanatical store accounts,3,8.0,30.0,stripe|cryptobot|stars|manual,15,9706,bots/eu/207-fanatical-eu
eu-208-greenman-eu,Green Man Gaming Accounts,eu,en,EUR,accounts,budget,Green Man Gaming store accounts,3,8.0,30.0,stripe|cryptobot|stars|manual,15,9707,bots/eu/208-greenman-eu
eu-209-itch-io-eu,itch.io Accounts,eu,en,EUR,accounts,budget,itch.io store accounts,3,8.0,30.0,stripe|cryptobot|stars|manual,15,9708,bots/eu/209-itch-io-eu
eu-210-geforce-now-eu,GeForce Now Accounts,eu,en,EUR,accounts,budget,GeForce Now cloud gaming access,3,8.0,30.0,stripe|cryptobot|stars|manual,15,9709,bots/eu/210-geforce-now-eu
eu-211-shadow-pc-eu,Shadow PC Accounts,eu,en,EUR,accounts,budget,Shadow PC cloud PC access,3,8.0,30.0,stripe|cryptobot|stars|manual,15,9710,bots/eu/211-shadow-pc-eu
eu-212-boosteroid-eu,Boosteroid Accounts,eu,en,EUR,accounts,budget,Boosteroid cloud gaming access,3,8.0,30.0,stripe|cryptobot|stars|manual,15,9711,bots/eu/212-boosteroid-eu
eu-213-faceit-eu,FACEIT Accounts,eu,en,EUR,accounts,budget,FACEIT competitive accounts,3,8.0,30.0,stripe|cryptobot|stars|manual,15,9712,bots/eu/213-faceit-eu
eu-214-esea-eu,ESEA Accounts,eu,en,EUR,accounts,budget,ESEA competitive accounts,3,8.0,30.0,stripe|cryptobot|stars|manual,15,9713,bots/eu/214-esea-eu
eu-215-gamersclub-eu,GamersClub Accounts,eu,en,EUR,accounts,budget,GamersClub competitive accounts,3,8.0,30.0,stripe|cryptobot|stars|manual,15,9714,bots/eu/215-gamersclub-eu
eu-216-evernote-eu,Evernote Access,eu,en,EUR,accounts,standard,Evernote notes access,3,28.0,98.0,stripe|cryptobot|manual,15,9715,bots/eu/216-evernote-eu
eu-217-todoist-eu,Todoist Access,eu,en,EUR,accounts,standard,Todoist task manager access,3,28.0,98.0,stripe|cryptobot|manual,15,9716,bots/eu/217-todoist-eu
eu-218-obsidian-sync-eu,Obsidian Sync Access,eu,en,EUR,accounts,standard,Obsidian Sync sync access,3,28.0,98.0,stripe|cryptobot|manual,15,9717,bots/eu/218-obsidian-sync-eu
eu-219-roam-eu,Roam Research Access,eu,en,EUR,accounts,standard,Roam Research notes access,3,28.0,98.0,stripe|cryptobot|manual,15,9718,bots/eu/219-roam-eu
eu-220-superhuman-eu,Superhuman Access,eu,en,EUR,accounts,standard,Superhuman email access,3,28.0,98.0,stripe|cryptobot|manual,15,9719,bots/eu/220-superhuman-eu
eu-221-grammarly-biz-eu,Grammarly Business Access,eu,en,EUR,accounts,standard,Grammarly Business writing access,3,28.0,98.0,stripe|cryptobot|manual,15,9720,bots/eu/221-grammarly-biz-eu
eu-222-loom-eu,Loom Access,eu,en,EUR,accounts,standard,Loom video messaging access,3,28.0,98.0,stripe|cryptobot|manual,15,9721,bots/eu/222-loom-eu
eu-223-descript-pro-eu,Descript Pro Access,eu,en,EUR,accounts,standard,Descript Pro editor access,3,28.0,98.0,stripe|cryptobot|manual,15,9722,bots/eu/223-descript-pro-eu
eu-224-zapier-eu,Zapier Access,eu,en,EUR,accounts,standard,Zapier automation access,3,28.0,98.0,stripe|cryptobot|manual,15,9723,bots/eu/224-zapier-eu
eu-225-make-com-eu,Make Access,eu,en,EUR,accounts,standard,Make automation access,3,28.0,98.0,stripe|cryptobot|manual,15,9724,bots/eu/225-make-com-eu
eu-226-n8n-cloud-eu,n8n Cloud Access,eu,en,EUR,accounts,standard,n8n Cloud automation access,3,28.0,98.0,stripe|cryptobot|manual,15,9725,bots/eu/226-n8n-cloud-eu
eu-227-ifttt-pro-eu,IFTTT Pro Access,eu,en,EUR,accounts,standard,IFTTT Pro automation access,3,28.0,98.0,stripe|cryptobot|manual,15,9726,bots/eu/227-ifttt-pro-eu
eu-228-readwise-eu,Readwise Access,eu,en,EUR,accounts,standard,Readwise reading access,3,28.0,98.0,stripe|cryptobot|manual,15,9727,bots/eu/228-readwise-eu
eu-229-raycast-eu,Raycast Pro Access,eu,en,EUR,accounts,standard,Raycast Pro productivity access,3,28.0,98.0,stripe|cryptobot|manual,15,9728,bots/eu/229-raycast-eu
eu-230-steam-eu,Steam Accounts,eu,en,EUR,accounts,budget,Steam game accounts,3,8.0,30.0,stripe|cryptobot|stars|manual,15,9729,bots/eu/230-steam-eu
eu-231-epic-games-eu,Epic Games Accounts,eu,en,EUR,accounts,budget,Epic Games game accounts,3,8.0,30.0,stripe|cryptobot|stars|manual,15,9730,bots/eu/231-epic-games-eu
eu-232-battlenet-eu,Battle.net Accounts,eu,en,EUR,accounts,budget,Battle.net game accounts,3,8.0,30.0,stripe|cryptobot|stars|manual,15,9731,bots/eu/232-battlenet-eu
eu-233-ea-app-eu,EA App Accounts,eu,en,EUR,accounts,budget,EA App game accounts,3,8.0,30.0,stripe|cryptobot|stars|manual,15,9732,bots/eu/233-ea-app-eu
eu-234-ubisoft-eu,Ubisoft Accounts,eu,en,EUR,accounts,budget,Ubisoft game accounts,3,8.0,30.0,stripe|cryptobot|stars|manual,15,9733,bots/eu/234-ubisoft-eu
eu-235-gog-eu,GOG Accounts,eu,en,EUR,accounts,budget,GOG game accounts,3,8.0,30.0,stripe|cryptobot|stars|manual,15,9734,bots/eu/235-gog-eu
eu-236-riot-eu,Riot Games Accounts,eu,en,EUR,accounts,budget,Riot Games game accounts,3,8.0,30.0,stripe|cryptobot|stars|manual,15,9735,bots/eu/236-riot-eu
eu-237-valorant-eu,Valorant Accounts,eu,en,EUR,accounts,budget,Valorant game accounts,3,8.0,30.0,stripe|cryptobot|stars|manual,15,9736,bots/eu/237-valorant-eu
eu-238-league-legends-eu,League of Legends Accounts,eu,en,EUR,accounts,budget,League of Legends game accounts,3,8.0,30.0,stripe|cryptobot|stars|manual,15,9737,bots/eu/238-league-legends-eu
eu-239-cs2-eu,CS2 Accounts,eu,en,EUR,accounts,budget,CS2 game accounts,3,8.0,30.0,stripe|cryptobot|stars|manual,15,9738,bots/eu/239-cs2-eu
eu-240-dota2-eu,Dota 2 Accounts,eu,en,EUR,accounts,budget,Dota 2 game accounts,3,8.0,30.0,stripe|cryptobot|stars|manual,15,9739,bots/eu/240-dota2-eu
eu-241-pubg-eu,PUBG Accounts,eu,en,EUR,accounts,budget,PUBG game accounts,3,8.0,30.0,stripe|cryptobot|stars|manual,15,9740,bots/eu/241-pubg-eu
eu-242-fortnite-eu,Fortnite Accounts,eu,en,EUR,accounts,budget,Fortnite game accounts,3,8.0,30.0,stripe|cryptobot|stars|manual,15,9741,bots/eu/242-fortnite-eu
eu-243-roblox-eu,Roblox Accounts,eu,en,EUR,accounts,budget,Roblox game accounts,3,8.0,30.0,stripe|cryptobot|stars|manual,15,9742,bots/eu/243-roblox-eu
eu-244-minecraft-eu,Minecraft Accounts,eu,en,EUR,accounts,budget,Minecraft game accounts,3,8.0,30.0,stripe|cryptobot|stars|manual,15,9743,bots/eu/244-minecraft-eu
eu-245-gta5-eu,GTA V Accounts,eu,en,EUR,accounts,budget,GTA V game accounts,3,8.0,30.0,stripe|cryptobot|stars|manual,15,9744,bots/eu/245-gta5-eu
eu-246-rdr2-eu,Red Dead Redemption 2 Accounts,eu,en,EUR,accounts,budget,Red Dead Redemption 2 game accounts,3,8.0,30.0,stripe|cryptobot|stars|manual,15,9745,bots/eu/246-rdr2-eu
eu-247-genshin-eu,Genshin Impact Accounts,eu,en,EUR,accounts,budget,Genshin Impact game accounts,3,8.0,30.0,stripe|cryptobot|stars|manual,15,9746,bots/eu/247-genshin-eu
eu-248-honkai-eu,Honkai Star Rail Accounts,eu,en,EUR,accounts,budget,Honkai Star Rail game accounts,3,8.0,30.0,stripe|cryptobot|stars|manual,15,9747,bots/eu/248-honkai-eu
eu-249-zenless-eu,Zenless Zone Zero Accounts,eu,en,EUR,accounts,budget,Zenless Zone Zero game accounts,3,8.0,30.0,stripe|cryptobot|stars|manual,15,9748,bots/eu/249-zenless-eu
eu-250-brawl-stars-eu,Brawl Stars Accounts,eu,en,EUR,accounts,budget,Brawl Stars game accounts,3,8.0,30.0,stripe|cryptobot|stars|manual,15,9749,bots/eu/250-brawl-stars-eu
eu-251-clash-clans-eu,Clash of Clans Accounts,eu,en,EUR,accounts,budget,Clash of Clans game accounts,3,8.0,30.0,stripe|cryptobot|stars|manual,15,9750,bots/eu/251-clash-clans-eu
eu-252-clash-royale-eu,Clash Royale Accounts,eu,en,EUR,accounts,budget,Clash Royale game accounts,3,8.0,30.0,stripe|cryptobot|stars|manual,15,9751,bots/eu/252-clash-royale-eu
eu-253-mobile-legends-acc-eu,Mobile Legends Accounts,eu,en,EUR,accounts,budget,Mobile Legends game accounts,3,8.0,30.0,stripe|cryptobot|stars|manual,15,9752,bots/eu/253-mobile-legends-acc-eu
eu-254-free-fire-eu,Free Fire Accounts,eu,en,EUR,accounts,budget,Free Fire game accounts,3,8.0,30.0,stripe|cryptobot|stars|manual,15,9753,bots/eu/254-free-fire-eu
eu-255-wot-eu,World of Tanks Accounts,eu,en,EUR,accounts,budget,World of Tanks game accounts,3,8.0,30.0,stripe|cryptobot|stars|manual,15,9754,bots/eu/255-wot-eu
eu-256-warthunder-eu,War Thunder Accounts,eu,en,EUR,accounts,budget,War Thunder game accounts,3,8.0,30.0,stripe|cryptobot|stars|manual,15,9755,bots/eu/256-warthunder-eu
eu-257-rust-eu,Rust Accounts,eu,en,EUR,accounts,budget,Rust game accounts,3,8.0,30.0,stripe|cryptobot|stars|manual,15,9756,bots/eu/257-rust-eu
eu-258-apex-eu,Apex Legends Accounts,eu,en,EUR,accounts,budget,Apex Legends game accounts,3,8.0,30.0,stripe|cryptobot|stars|manual,15,9757,bots/eu/258-apex-eu
eu-259-overwatch-eu,Overwatch 2 Accounts,eu,en,EUR,accounts,budget,Overwatch 2 game accounts,3,8.0,30.0,stripe|cryptobot|stars|manual,15,9758,bots/eu/259-overwatch-eu
eu-260-rainbow6-eu,Rainbow Six Accounts,eu,en,EUR,accounts,budget,Rainbow Six game accounts,3,8.0,30.0,stripe|cryptobot|stars|manual,15,9759,bots/eu/260-rainbow6-eu
eu-261-cod-eu,Call of Duty Accounts,eu,en,EUR,accounts,budget,Call of Duty game accounts,3,8.0,30.0,stripe|cryptobot|stars|manual,15,9760,bots/eu/261-cod-eu
eu-262-destiny2-eu,Destiny 2 Accounts,eu,en,EUR,accounts,budget,Destiny 2 game accounts,3,8.0,30.0,stripe|cryptobot|stars|manual,15,9761,bots/eu/262-destiny2-eu
eu-263-wow-eu,World of Warcraft Accounts,eu,en,EUR,accounts,budget,World of Warcraft game accounts,3,8.0,30.0,stripe|cryptobot|stars|manual,15,9762,bots/eu/263-wow-eu
eu-264-ffxiv-eu,Final Fantasy XIV Accounts,eu,en,EUR,accounts,budget,Final Fantasy XIV game accounts,3,8.0,30.0,stripe|cryptobot|stars|manual,15,9763,bots/eu/264-ffxiv-eu
eu-265-albion-eu,Albion Online Accounts,eu,en,EUR,accounts,budget,Albion Online game accounts,3,8.0,30.0,stripe|cryptobot|stars|manual,15,9764,bots/eu/265-albion-eu
eu-266-eve-eu,EVE Online Accounts,eu,en,EUR,accounts,budget,EVE Online game accounts,3,8.0,30.0,stripe|cryptobot|stars|manual,15,9765,bots/eu/266-eve-eu
eu-267-tarkov-eu,Escape from Tarkov Accounts,eu,en,EUR,accounts,budget,Escape from Tarkov game accounts,3,8.0,30.0,stripe|cryptobot|stars|manual,15,9766,bots/eu/267-tarkov-eu
eu-268-psn-eu,PlayStation Network Accounts,eu,en,EUR,accounts,budget,PlayStation Network game accounts,3,8.0,30.0,stripe|cryptobot|stars|manual,15,9767,bots/eu/268-psn-eu
eu-269-xbox-eu,Xbox Accounts,eu,en,EUR,accounts,budget,Xbox game accounts,3,8.0,30.0,stripe|cryptobot|stars|manual,15,9768,bots/eu/269-xbox-eu
eu-270-nintendo-eu,Nintendo Accounts,eu,en,EUR,accounts,budget,Nintendo game accounts,3,8.0,30.0,stripe|cryptobot|stars|manual,15,9769,bots/eu/270-nintendo-eu
eu-271-netflix-eu,Netflix Subs,eu,en,EUR,accounts,budget,Netflix subscriptions,3,8.0,30.0,stripe|cryptobot|stars|manual,15,9770,bots/eu/271-netflix-eu
eu-272-spotify-eu,Spotify Subs,eu,en,EUR,accounts,budget,Spotify subscriptions,3,8.0,30.0,stripe|cryptobot|stars|manual,15,9771,bots/eu/272-spotify-eu
eu-273-youtube-premium-eu,YouTube Premium Subs,eu,en,EUR,accounts,budget,YouTube Premium subscriptions,3,8.0,30.0,stripe|cryptobot|stars|manual,15,9772,bots/eu/273-youtube-premium-eu
eu-274-disney-plus-eu,Disney+ Subs,eu,en,EUR,accounts,budget,Disney+ subscriptions,3,8.0,30.0,stripe|cryptobot|stars|manual,15,9773,bots/eu/274-disney-plus-eu
eu-275-hbo-max-eu,HBO Max Subs,eu,en,EUR,accounts,budget,HBO Max subscriptions,3,8.0,30.0,stripe|cryptobot|stars|manual,15,9774,bots/eu/275-hbo-max-eu
eu-276-apple-music-eu,Apple Music Subs,eu,en,EUR,accounts,budget,Apple Music subscriptions,3,8.0,30.0,stripe|cryptobot|stars|manual,15,9775,bots/eu/276-apple-music-eu
eu-277-apple-tv-eu,Apple TV+ Subs,eu,en,EUR,accounts,budget,Apple TV+ subscriptions,3,8.0,30.0,stripe|cryptobot|stars|manual,15,9776,bots/eu/277-apple-tv-eu
eu-278-amazon-prime-eu,Amazon Prime Subs,eu,en,EUR,accounts,budget,Amazon Prime subscriptions,3,8.0,30.0,stripe|cryptobot|stars|manual,15,9777,bots/eu/278-amazon-prime-eu
eu-279-crunchyroll-eu,Crunchyroll Subs,eu,en,EUR,accounts,budget,Crunchyroll subscriptions,3,8.0,30.0,stripe|cryptobot|stars|manual,15,9778,bots/eu/279-crunchyroll-eu
eu-280-deezer-eu,Deezer Subs,eu,en,EUR,accounts,budget,Deezer subscriptions,3,8.0,30.0,stripe|cryptobot|stars|manual,15,9779,bots/eu/280-deezer-eu
eu-281-tidal-eu,Tidal Subs,eu,en,EUR,accounts,budget,Tidal subscriptions,3,8.0,30.0,stripe|cryptobot|stars|manual,15,9780,bots/eu/281-tidal-eu
eu-282-twitch-eu,Twitch Subs,eu,en,EUR,accounts,budget,Twitch subscriptions,3,8.0,30.0,stripe|cryptobot|stars|manual,15,9781,bots/eu/282-twitch-eu
eu-283-paramount-eu,Paramount+ Subs,eu,en,EUR,accounts,budget,Paramount+ subscriptions,3,8.0,30.0,stripe|cryptobot|stars|manual,15,9782,bots/eu/283-paramount-eu
eu-284-peacock-eu,Peacock Subs,eu,en,EUR,accounts,budget,Peacock subscriptions,3,8.0,30.0,stripe|cryptobot|stars|manual,15,9783,bots/eu/284-peacock-eu
eu-285-hulu-eu,Hulu Subs,eu,en,EUR,accounts,budget,Hulu subscriptions,3,8.0,30.0,stripe|cryptobot|stars|manual,15,9784,bots/eu/285-hulu-eu
eu-286-dazn-eu,DAZN Subs,eu,en,EUR,accounts,budget,DAZN subscriptions,3,8.0,30.0,stripe|cryptobot|stars|manual,15,9785,bots/eu/286-dazn-eu
eu-287-audible-eu,Audible Subs,eu,en,EUR,accounts,budget,Audible subscriptions,3,8.0,30.0,stripe|cryptobot|stars|manual,15,9786,bots/eu/287-audible-eu
eu-288-chatgpt-plus-eu,ChatGPT Plus Access,eu,en,EUR,accounts,standard,ChatGPT Plus AI access,3,28.0,98.0,stripe|cryptobot|manual,15,9787,bots/eu/288-chatgpt-plus-eu
eu-289-claude-pro-eu,Claude Pro Access,eu,en,EUR,accounts,standard,Claude Pro AI access,3,28.0,98.0,stripe|cryptobot|manual,15,9788,bots/eu/289-claude-pro-eu
eu-290-midjourney-eu,Midjourney Access,eu,en,EUR,accounts,standard,Midjourney AI access,3,28.0,98.0,stripe|cryptobot|manual,15,9789,bots/eu/290-midjourney-eu
eu-291-perplexity-eu,Perplexity Pro Access,eu,en,EUR,accounts,standard,Perplexity Pro AI access,3,28.0,98.0,stripe|cryptobot|manual,15,9790,bots/eu/291-perplexity-eu
eu-292-gemini-advanced-eu,Gemini Advanced Access,eu,en,EUR,accounts,standard,Gemini Advanced AI access,3,28.0,98.0,stripe|cryptobot|manual,15,9791,bots/eu/292-gemini-advanced-eu
eu-293-copilot-eu,GitHub Copilot Access,eu,en,EUR,accounts,standard,GitHub Copilot AI access,3,28.0,98.0,stripe|cryptobot|manual,15,9792,bots/eu/293-copilot-eu
eu-294-runway-eu,Runway Access,eu,en,EUR,accounts,standard,Runway AI access,3,28.0,98.0,stripe|cryptobot|manual,15,9793,bots/eu/294-runway-eu
eu-295-elevenlabs-eu,ElevenLabs Access,eu,en,EUR,accounts,standard,ElevenLabs AI access,3,28.0,98.0,stripe|cryptobot|manual,15,9794,bots/eu/295-elevenlabs-eu
eu-296-suno-eu,Suno Access,eu,en,EUR,accounts,standard,Suno AI access,3,28.0,98.0,stripe|cryptobot|manual,15,9795,bots/eu/296-suno-eu
eu-297-leonardo-ai-eu,Leonardo AI Access,eu,en,EUR,accounts,standard,Leonardo AI AI access,3,28.0,98.0,stripe|cryptobot|manual,15,9796,bots/eu/297-leonardo-ai-eu
eu-298-openai-api-eu,OpenAI API Access,eu,en,EUR,accounts,standard,OpenAI API AI access,3,28.0,98.0,stripe|cryptobot|manual,15,9797,bots/eu/298-openai-api-eu
eu-299-anthropic-api-eu,Anthropic API Access,eu,en,EUR,accounts,standard,Anthropic API AI access,3,28.0,98.0,stripe|cryptobot|manual,15,9798,bots/eu/299-anthropic-api-eu
eu-300-stable-diffusion-eu,Stable Diffusion Access,eu,en,EUR,accounts,standard,Stable Diffusion AI access,3,28.0,98.0,stripe|cryptobot|ton|manual,15,9799,bots/eu/300-stable-diffusion-eu
eu-301-heygen-eu,HeyGen Access,eu,en,EUR,accounts,standard,HeyGen AI access,3,28.0,98.0,stripe|cryptobot|manual,15,9800,bots/eu/301-heygen-eu
eu-302-synthesia-eu,Synthesia Access,eu,en,EUR,accounts,standard,Synthesia AI access,3,28.0,98.0,stripe|cryptobot|manual,15,9801,bots/eu/302-synthesia-eu
eu-303-descript-eu,Descript Access,eu,en,EUR,accounts,standard,Descript AI access,3,28.0,98.0,stripe|cryptobot|manual,15,9802,bots/eu/303-descript-eu
eu-304-jasper-eu,Jasper AI Access,eu,en,EUR,accounts,standard,Jasper AI AI access,3,28.0,98.0,stripe|cryptobot|manual,15,9803,bots/eu/304-jasper-eu
eu-305-copy-ai-eu,Copy.ai Access,eu,en,EUR,accounts,standard,Copy.ai AI access,3,28.0,98.0,stripe|cryptobot|manual,15,9804,bots/eu/305-copy-ai-eu
eu-306-grammarly-eu,Grammarly Access,eu,en,EUR,accounts,standard,Grammarly AI access,3,28.0,98.0,stripe|cryptobot|manual,15,9805,bots/eu/306-grammarly-eu
eu-307-notion-ai-eu,Notion AI Access,eu,en,EUR,accounts,standard,Notion AI AI access,3,28.0,98.0,stripe|cryptobot|manual,15,9806,bots/eu/307-notion-ai-eu
eu-308-cursor-ai-eu,Cursor Access,eu,en,EUR,accounts,standard,Cursor AI access,3,28.0,98.0,stripe|cryptobot|manual,15,9807,bots/eu/308-cursor-ai-eu
eu-309-replit-eu,Replit Access,eu,en,EUR,accounts,standard,Replit AI access,3,28.0,98.0,stripe|cryptobot|manual,15,9808,bots/eu/309-replit-eu
eu-310-luma-ai-eu,Luma AI Access,eu,en,EUR,accounts,standard,Luma AI AI access,3,28.0,98.0,stripe|cryptobot|manual,15,9809,bots/eu/310-luma-ai-eu
eu-311-pika-eu,Pika Access,eu,en,EUR,accounts,standard,Pika AI access,3,28.0,98.0,stripe|cryptobot|manual,15,9810,bots/eu/311-pika-eu
eu-312-ideogram-eu,Ideogram Access,eu,en,EUR,accounts,standard,Ideogram AI access,3,28.0,98.0,stripe|cryptobot|manual,15,9811,bots/eu/312-ideogram-eu
eu-313-krea-eu,Krea AI Access,eu,en,EUR,accounts,standard,Krea AI AI access,3,28.0,98.0,stripe|cryptobot|manual,15,9812,bots/eu/313-krea-eu
eu-314-gamma-app-eu,Gamma Access,eu,en,EUR,accounts,standard,Gamma AI access,3,28.0,98.0,stripe|cryptobot|manual,15,9813,bots/eu/314-gamma-app-eu
eu-315-deepl-eu,DeepL Pro Access,eu,en,EUR,accounts,standard,DeepL Pro AI access,3,28.0,98.0,stripe|cryptobot|manual,15,9814,bots/eu/315-deepl-eu
eu-316-otter-ai-eu,Otter.ai Access,eu,en,EUR,accounts,standard,Otter.ai AI access,3,28.0,98.0,stripe|cryptobot|manual,15,9815,bots/eu/316-otter-ai-eu
eu-317-chatpdf-eu,ChatPDF Access,eu,en,EUR,accounts,standard,ChatPDF AI access,3,28.0,98.0,stripe|cryptobot|manual,15,9816,bots/eu/317-chatpdf-eu
eu-318-telegram-eu,Telegram Accounts,eu,en,EUR,accounts,budget,Telegram social accounts,3,8.0,30.0,stripe|cryptobot|stars|manual,15,9817,bots/eu/318-telegram-eu
eu-319-discord-eu,Discord Accounts,eu,en,EUR,accounts,budget,Discord social accounts,3,8.0,30.0,stripe|cryptobot|stars|manual,15,9818,bots/eu/319-discord-eu
eu-320-instagram-eu,Instagram Accounts,eu,en,EUR,accounts,budget,Instagram social accounts,3,8.0,30.0,stripe|cryptobot|stars|manual,15,9819,bots/eu/320-instagram-eu
eu-321-tiktok-eu,TikTok Accounts,eu,en,EUR,accounts,budget,TikTok social accounts,3,8.0,30.0,stripe|cryptobot|stars|manual,15,9820,bots/eu/321-tiktok-eu
eu-322-twitter-x-eu,X (Twitter) Accounts,eu,en,EUR,accounts,budget,X (Twitter) social accounts,3,8.0,30.0,stripe|cryptobot|stars|manual,15,9821,bots/eu/322-twitter-x-eu
eu-323-facebook-eu,Facebook Accounts,eu,en,EUR,accounts,budget,Facebook social accounts,3,8.0,30.0,stripe|cryptobot|stars|manual,15,9822,bots/eu/323-facebook-eu
eu-324-reddit-eu,Reddit Accounts,eu,en,EUR,accounts,budget,Reddit social accounts,3,8.0,30.0,stripe|cryptobot|stars|manual,15,9823,bots/eu/324-reddit-eu
eu-325-linkedin-eu,LinkedIn Accounts,eu,en,EUR,accounts,budget,LinkedIn social accounts,3,8.0,30.0,stripe|cryptobot|stars|manual,15,9824,bots/eu/325-linkedin-eu
eu-326-snapchat-eu,Snapchat Accounts,eu,en,EUR,accounts,budget,Snapchat social accounts,3,8.0,30.0,stripe|cryptobot|stars|manual,15,9825,bots/eu/326-snapchat-eu
eu-327-pinterest-eu,Pinterest Accounts,eu,en,EUR,accounts,budget,Pinterest social accounts,3,8.0,30.0,stripe|cryptobot|stars|manual,15,9826,bots/eu/327-pinterest-eu
eu-328-threads-eu,Threads Accounts,eu,en,EUR,accounts,budget,Threads social accounts,3,8.0,30.0,stripe|cryptobot|stars|manual,15,9827,bots/eu/328-threads-eu
eu-329-youtube-channel-eu,YouTube Accounts,eu,en,EUR,accounts,budget,YouTube social accounts,3,8.0,30.0,stripe|cryptobot|stars|manual,15,9828,bots/eu/329-youtube-channel-eu
eu-330-twitch-channel-eu,Twitch Accounts,eu,en,EUR,accounts,budget,Twitch social accounts,3,8.0,30.0,stripe|cryptobot|stars|manual,15,9829,bots/eu/330-twitch-channel-eu
eu-331-whatsapp-eu,WhatsApp Accounts,eu,en,EUR,accounts,budget,WhatsApp social accounts,3,8.0,30.0,stripe|cryptobot|stars|manual,15,9830,bots/eu/331-whatsapp-eu
eu-332-viber-eu,Viber Accounts,eu,en,EUR,accounts,budget,Viber social accounts,3,8.0,30.0,stripe|cryptobot|stars|manual,15,9831,bots/eu/332-viber-eu
eu-333-signal-eu,Signal Accounts,eu,en,EUR,accounts,budget,Signal social accounts,3,8.0,30.0,stripe|cryptobot|stars|manual,15,9832,bots/eu/333-signal-eu
eu-334-medium-eu,Medium Accounts,eu,en,EUR,accounts,budget,Medium social accounts,3,8.0,30.0,stripe|cryptobot|stars|manual,15,9833,bots/eu/334-medium-eu
eu-335-bluesky-eu,Bluesky Accounts,eu,en,EUR,accounts,budget,Bluesky social accounts,3,8.0,30.0,stripe|cryptobot|stars|manual,15,9834,bots/eu/335-bluesky-eu
eu-336-gmail-eu,Gmail Accounts,eu,en,EUR,accounts,budget,Gmail email and cloud accounts,3,8.0,30.0,stripe|cryptobot|stars|manual,15,9835,bots/eu/336-gmail-eu
eu-337-google-workspace-eu,Google Workspace Accounts,eu,en,EUR,accounts,budget,Google Workspace email and cloud accounts,3,8.0,30.0,stripe|cryptobot|stars|manual,15,9836,bots/eu/337-google-workspace-eu
eu-338-outlook-eu,Outlook Accounts,eu,en,EUR,accounts,budget,Outlook email and cloud accounts,3,8.0,30.0,stripe|cryptobot|stars|manual,15,9837,bots/eu/338-outlook-eu
eu-339-protonmail-eu,Proton Mail Accounts,eu,en,EUR,accounts,budget,Proton Mail email and cloud accounts,3,8.0,30.0,stripe|cryptobot|stars|ton|manual,15,9838,bots/eu/339-protonmail-eu
eu-340-icloud-eu,iCloud Accounts,eu,en,EUR,accounts,budget,iCloud email and cloud accounts,3,8.0,30.0,stripe|cryptobot|stars|manual,15,9839,bots/eu/340-icloud-eu
eu-341-dropbox-eu,Dropbox Accounts,eu,en,EUR,accounts,budget,Dropbox email and cloud accounts,3,8.0,30.0,stripe|cryptobot|stars|manual,15,9840,bots/eu/341-dropbox-eu
eu-342-google-drive-eu,Google Drive Accounts,eu,en,EUR,accounts,budget,Google Drive email and cloud accounts,3,8.0,30.0,stripe|cryptobot|stars|manual,15,9841,bots/eu/342-google-drive-eu
eu-343-mega-nz-eu,MEGA Accounts,eu,en,EUR,accounts,budget,MEGA email and cloud accounts,3,8.0,30.0,stripe|cryptobot|stars|manual,15,9842,bots/eu/343-mega-nz-eu
eu-344-onedrive-eu,OneDrive Accounts,eu,en,EUR,accounts,budget,OneDrive email and cloud accounts,3,8.0,30.0,stripe|cryptobot|stars|manual,15,9843,bots/eu/344-onedrive-eu
eu-345-zoho-mail-eu,Zoho Mail Accounts,eu,en,EUR,accounts,budget,Zoho Mail email and cloud accounts,3,8.0,30.0,stripe|cryptobot|stars|manual,15,9844,bots/eu/345-zoho-mail-eu
eu-346-gmx-eu,GMX Accounts,eu,en,EUR,accounts,budget,GMX email and cloud accounts,3,8.0,30.0,stripe|cryptobot|stars|manual,15,9845,bots/eu/346-gmx-eu
eu-347-tutanota-eu,Tuta Accounts,eu,en,EUR,accounts,budget,Tuta email and cloud accounts,3,8.0,30.0,stripe|cryptobot|stars|manual,15,9846,bots/eu/347-tutanota-eu
eu-348-github-eu,GitHub Access,eu,en,EUR,accounts,standard,GitHub software access,3,28.0,98.0,stripe|cryptobot|manual,15,9847,bots/eu/348-github-eu
eu-349-gitlab-eu,GitLab Access,eu,en,EUR,accounts,standard,GitLab software access,3,28.0,98.0,stripe|cryptobot|manual,15,9848,bots/eu/349-gitlab-eu
eu-350-jetbrains-eu,JetBrains Access,eu,en,EUR,accounts,standard,JetBrains software access,3,28.0,98.0,stripe|cryptobot|manual,15,9849,bots/eu/350-jetbrains-eu
eu-351-figma-eu,Figma Access,eu,en,EUR,accounts,standard,Figma software access,3,28.0,98.0,stripe|cryptobot|manual,15,9850,bots/eu/351-figma-eu
eu-352-canva-pro-eu,Canva Pro Access,eu,en,EUR,accounts,standard,Canva Pro software access,3,28.0,98.0,stripe|cryptobot|manual,15,9851,bots/eu/352-canva-pro-eu
eu-353-adobe-cc-eu,Adobe Creative Cloud Access,eu,en,EUR,accounts,standard,Adobe Creative Cloud software access,3,28.0,98.0,stripe|cryptobot|manual,15,9852,bots/eu/353-adobe-cc-eu
eu-354-notion-eu,Notion Access,eu,en,EUR,accounts,standard,Notion software access,3,28.0,98.0,stripe|cryptobot|manual,15,9853,bots/eu/354-notion-eu
eu-355-slack-eu,Slack Access,eu,en,EUR,accounts,standard,Slack software access,3,28.0,98.0,stripe|cryptobot|manual,15,9854,bots/eu/355-slack-eu
eu-356-zoom-eu,Zoom Access,eu,en,EUR,accounts,standard,Zoom software access,3,28.0,98.0,stripe|cryptobot|manual,15,9855,bots/eu/356-zoom-eu
eu-357-trello-eu,Trello Access,eu,en,EUR,accounts,standard,Trello software access,3,28.0,98.0,stripe|cryptobot|manual,15,9856,bots/eu/357-trello-eu
eu-358-asana-eu,Asana Access,eu,en,EUR,accounts,standard,Asana software access,3,28.0,98.0,stripe|cryptobot|manual,15,9857,bots/eu/358-asana-eu
eu-359-miro-eu,Miro Access,eu,en,EUR,accounts,standard,Miro software access,3,28.0,98.0,stripe|cryptobot|manual,15,9858,bots/eu/359-miro-eu
eu-360-envato-eu,Envato Elements Access,eu,en,EUR,accounts,standard,Envato Elements software access,3,28.0,98.0,stripe|cryptobot|manual,15,9859,bots/eu/360-envato-eu
eu-361-shutterstock-eu,Shutterstock Access,eu,en,EUR,accounts,standard,Shutterstock software access,3,28.0,98.0,stripe|cryptobot|manual,15,9860,bots/eu/361-shutterstock-eu
eu-362-freepik-eu,Freepik Access,eu,en,EUR,accounts,standard,Freepik software access,3,28.0,98.0,stripe|cryptobot|manual,15,9861,bots/eu/362-freepik-eu
eu-363-coursera-eu,Coursera Access,eu,en,EUR,accounts,standard,Coursera software access,3,28.0,98.0,stripe|cryptobot|manual,15,9862,bots/eu/363-coursera-eu
eu-364-udemy-eu,Udemy Access,eu,en,EUR,accounts,standard,Udemy software access,3,28.0,98.0,stripe|cryptobot|manual,15,9863,bots/eu/364-udemy-eu
eu-365-duolingo-eu,Duolingo Access,eu,en,EUR,accounts,standard,Duolingo software access,3,28.0,98.0,stripe|cryptobot|manual,15,9864,bots/eu/365-duolingo-eu
eu-366-linkedin-learning-eu,LinkedIn Learning Access,eu,en,EUR,accounts,standard,LinkedIn Learning software access,3,28.0,98.0,stripe|cryptobot|manual,15,9865,bots/eu/366-linkedin-learning-eu
eu-367-nordvpn-eu,NordVPN Access,eu,en,EUR,accounts,budget,NordVPN privacy access,3,8.0,30.0,stripe|cryptobot|stars|manual,15,9866,bots/eu/367-nordvpn-eu
eu-368-expressvpn-eu,ExpressVPN Access,eu,en,EUR,accounts,budget,ExpressVPN privacy access,3,8.0,30.0,stripe|cryptobot|stars|manual,15,9867,bots/eu/368-expressvpn-eu
eu-369-surfshark-eu,Surfshark Access,eu,en,EUR,accounts,budget,Surfshark privacy access,3,8.0,30.0,stripe|cryptobot|stars|manual,15,9868,bots/eu/369-surfshark-eu
eu-370-protonvpn-eu,Proton VPN Access,eu,en,EUR,accounts,budget,Proton VPN privacy access,3,8.0,30.0,stripe|cryptobot|stars|ton|manual,15,9869,bots/eu/370-protonvpn-eu
eu-371-cyberghost-eu,CyberGhost Access,eu,en,EUR,accounts,budget,CyberGhost privacy access,3,8.0,30.0,stripe|cryptobot|stars|manual,15,9870,bots/eu/371-cyberghost-eu
eu-372-mullvad-eu,Mullvad Access,eu,en,EUR,accounts,budget,Mullvad privacy access,3,8.0,30.0,stripe|cryptobot|stars|manual,15,9871,bots/eu/372-mullvad-eu
eu-373-socks5-proxy-eu,SOCKS5 Access,eu,en,EUR,accounts,budget,SOCKS5 privacy access,3,8.0,30.0,stripe|cryptobot|stars|manual,15,9872,bots/eu/373-socks5-proxy-eu
eu-374-http-proxy-eu,HTTP Proxies Access,eu,en,EUR,accounts,budget,HTTP Proxies privacy access,3,8.0,30.0,stripe|cryptobot|stars|manual,15,9873,bots/eu/374-http-proxy-eu
eu-375-mobile-proxy-eu,Mobile Proxies Access,eu,en,EUR,accounts,budget,Mobile Proxies privacy access,3,8.0,30.0,stripe|cryptobot|stars|manual,15,9874,bots/eu/375-mobile-proxy-eu
eu-376-residential-proxy-eu,Residential Proxies Access,eu,en,EUR,accounts,budget,Residential Proxies privacy access,3,8.0,30.0,stripe|cryptobot|stars|manual,15,9875,bots/eu/376-residential-proxy-eu
eu-377-static-proxy-eu,Static Proxies Access,eu,en,EUR,accounts,budget,Static Proxies privacy access,3,8.0,30.0,stripe|cryptobot|stars|manual,15,9876,bots/eu/377-static-proxy-eu
eu-378-vless-config-eu,VLESS Access,eu,en,EUR,accounts,budget,VLESS privacy access,3,8.0,30.0,stripe|cryptobot|stars|manual,15,9877,bots/eu/378-vless-config-eu
eu-379-outline-vpn-eu,Outline Access,eu,en,EUR,accounts,budget,Outline privacy access,3,8.0,30.0,stripe|cryptobot|stars|manual,15,9878,bots/eu/379-outline-vpn-eu
eu-380-wireguard-eu,WireGuard Access,eu,en,EUR,accounts,budget,WireGuard privacy access,3,8.0,30.0,stripe|cryptobot|stars|manual,15,9879,bots/eu/380-wireguard-eu
eu-381-sms-numbers-eu,Virtual Numbers Access,eu,en,EUR,accounts,budget,Virtual Numbers privacy access,3,8.0,30.0,stripe|cryptobot|stars|manual,15,9880,bots/eu/381-sms-numbers-eu
eu-382-binance-acc-eu,Binance Accounts,eu,en,EUR,accounts,premium,Binance exchange accounts,3,78.0,268.0,stripe|cryptobot|manual,15,9881,bots/eu/382-binance-acc-eu
eu-383-bybit-acc-eu,Bybit Accounts,eu,en,EUR,accounts,premium,Bybit exchange accounts,3,78.0,268.0,stripe|cryptobot|manual,15,9882,bots/eu/383-bybit-acc-eu
eu-384-okx-acc-eu,OKX Accounts,eu,en,EUR,accounts,premium,OKX exchange accounts,3,78.0,268.0,stripe|cryptobot|manual,15,9883,bots/eu/384-okx-acc-eu
eu-385-kucoin-acc-eu,KuCoin Accounts,eu,en,EUR,accounts,premium,KuCoin exchange accounts,3,78.0,268.0,stripe|cryptobot|manual,15,9884,bots/eu/385-kucoin-acc-eu
eu-386-mexc-acc-eu,MEXC Accounts,eu,en,EUR,accounts,premium,MEXC exchange accounts,3,78.0,268.0,stripe|cryptobot|manual,15,9885,bots/eu/386-mexc-acc-eu
eu-387-bitget-acc-eu,Bitget Accounts,eu,en,EUR,accounts,premium,Bitget exchange accounts,3,78.0,268.0,stripe|cryptobot|manual,15,9886,bots/eu/387-bitget-acc-eu
eu-388-htx-acc-eu,HTX Accounts,eu,en,EUR,accounts,premium,HTX exchange accounts,3,78.0,268.0,stripe|cryptobot|manual,15,9887,bots/eu/388-htx-acc-eu
eu-389-gate-io-eu,Gate.io Accounts,eu,en,EUR,accounts,premium,Gate.io exchange accounts,3,78.0,268.0,stripe|cryptobot|manual,15,9888,bots/eu/389-gate-io-eu
eu-390-kraken-acc-eu,Kraken Accounts,eu,en,EUR,accounts,premium,Kraken exchange accounts,3,78.0,268.0,stripe|cryptobot|manual,15,9889,bots/eu/390-kraken-acc-eu
eu-391-coinbase-acc-eu,Coinbase Accounts,eu,en,EUR,accounts,premium,Coinbase exchange accounts,3,78.0,268.0,stripe|cryptobot|manual,15,9890,bots/eu/391-coinbase-acc-eu
eu-392-bingx-acc-eu,BingX Accounts,eu,en,EUR,accounts,premium,BingX exchange accounts,3,78.0,268.0,stripe|cryptobot|manual,15,9891,bots/eu/392-bingx-acc-eu
eu-393-blofin-eu,BloFin Accounts,eu,en,EUR,accounts,premium,BloFin exchange accounts,3,78.0,268.0,stripe|cryptobot|manual,15,9892,bots/eu/393-blofin-eu
eu-394-amazon-acc-eu,Amazon Accounts,eu,en,EUR,accounts,standard,Amazon marketplace accounts,3,28.0,98.0,stripe|cryptobot|manual,15,9893,bots/eu/394-amazon-acc-eu
eu-395-ebay-acc-eu,eBay Accounts,eu,en,EUR,accounts,standard,eBay marketplace accounts,3,28.0,98.0,stripe|cryptobot|manual,15,9894,bots/eu/395-ebay-acc-eu
eu-396-aliexpress-acc-eu,AliExpress Accounts,eu,en,EUR,accounts,standard,AliExpress marketplace accounts,3,28.0,98.0,stripe|cryptobot|manual,15,9895,bots/eu/396-aliexpress-acc-eu
eu-397-etsy-acc-eu,Etsy Accounts,eu,en,EUR,accounts,standard,Etsy marketplace accounts,3,28.0,98.0,stripe|cryptobot|manual,15,9896,bots/eu/397-etsy-acc-eu
eu-398-upwork-acc-eu,Upwork Accounts,eu,en,EUR,accounts,standard,Upwork marketplace accounts,3,28.0,98.0,stripe|cryptobot|manual,15,9897,bots/eu/398-upwork-acc-eu
eu-399-fiverr-acc-eu,Fiverr Accounts,eu,en,EUR,accounts,standard,Fiverr marketplace accounts,3,28.0,98.0,stripe|cryptobot|manual,15,9898,bots/eu/399-fiverr-acc-eu
eu-400-uber-acc-eu,Uber Accounts,eu,en,EUR,accounts,standard,Uber marketplace accounts,3,28.0,98.0,stripe|cryptobot|manual,15,9899,bots/eu/400-uber-acc-eu
eu-401-bolt-acc-eu,Bolt Accounts,eu,en,EUR,accounts,standard,Bolt marketplace accounts,3,28.0,98.0,stripe|cryptobot|manual,15,9900,bots/eu/401-bolt-acc-eu
eu-402-paypal-acc-eu,PayPal Accounts,eu,en,EUR,accounts,standard,PayPal marketplace accounts,3,28.0,98.0,stripe|cryptobot|manual,15,9901,bots/eu/402-paypal-acc-eu
eu-403-wise-acc-eu,Wise Accounts,eu,en,EUR,accounts,standard,Wise marketplace accounts,3,28.0,98.0,stripe|cryptobot|manual,15,9902,bots/eu/403-wise-acc-eu
eu-404-revolut-acc-eu,Revolut Accounts,eu,en,EUR,accounts,standard,Revolut marketplace accounts,3,28.0,98.0,stripe|cryptobot|manual,15,9903,bots/eu/404-revolut-acc-eu
eu-405-payoneer-acc-eu,Payoneer Accounts,eu,en,EUR,accounts,standard,Payoneer marketplace accounts,3,28.0,98.0,stripe|cryptobot|manual,15,9904,bots/eu/405-payoneer-acc-eu
eu-406-steam-gift-eu,Steam Gift Card Keys,eu,en,EUR,keys,standard,Steam Gift Card keys and gift cards,3,28.0,231.0,stripe|cryptobot|manual,15,9905,bots/eu/406-steam-gift-eu
eu-407-psn-card-eu,PSN Card Keys,eu,en,EUR,keys,standard,PSN Card keys and gift cards,3,28.0,231.0,stripe|cryptobot|manual,15,9906,bots/eu/407-psn-card-eu
eu-408-xbox-card-eu,Xbox Gift Card Keys,eu,en,EUR,keys,standard,Xbox Gift Card keys and gift cards,3,28.0,231.0,stripe|cryptobot|manual,15,9907,bots/eu/408-xbox-card-eu
eu-409-nintendo-card-eu,Nintendo eShop Keys,eu,en,EUR,keys,standard,Nintendo eShop keys and gift cards,3,28.0,231.0,stripe|cryptobot|manual,15,9908,bots/eu/409-nintendo-card-eu
eu-410-itunes-card-eu,iTunes Card Keys,eu,en,EUR,keys,standard,iTunes Card keys and gift cards,3,28.0,231.0,stripe|cryptobot|manual,15,9909,bots/eu/410-itunes-card-eu
eu-411-google-play-card-eu,Google Play Keys,eu,en,EUR,keys,standard,Google Play keys and gift cards,3,28.0,231.0,stripe|cryptobot|manual,15,9910,bots/eu/411-google-play-card-eu
eu-412-amazon-card-eu,Amazon Gift Card Keys,eu,en,EUR,keys,standard,Amazon Gift Card keys and gift cards,3,28.0,231.0,stripe|cryptobot|manual,15,9911,bots/eu/412-amazon-card-eu
eu-413-netflix-card-eu,Netflix Card Keys,eu,en,EUR,keys,standard,Netflix Card keys and gift cards,3,28.0,231.0,stripe|cryptobot|manual,15,9912,bots/eu/413-netflix-card-eu
eu-414-spotify-card-eu,Spotify Card Keys,eu,en,EUR,keys,standard,Spotify Card keys and gift cards,3,28.0,231.0,stripe|cryptobot|manual,15,9913,bots/eu/414-spotify-card-eu
eu-415-windows-key-eu,Windows Keys,eu,en,EUR,keys,standard,Windows keys and gift cards,3,28.0,231.0,stripe|cryptobot|manual,15,9914,bots/eu/415-windows-key-eu
eu-416-office-key-eu,Microsoft Office Keys,eu,en,EUR,keys,standard,Microsoft Office keys and gift cards,3,28.0,231.0,stripe|cryptobot|manual,15,9915,bots/eu/416-office-key-eu
eu-417-antivirus-key-eu,Antivirus Keys,eu,en,EUR,keys,standard,Antivirus keys and gift cards,3,28.0,231.0,stripe|cryptobot|manual,15,9916,bots/eu/417-antivirus-key-eu
eu-418-game-keys-shop-eu,Game Keys Keys,eu,en,EUR,keys,standard,Game Keys keys and gift cards,3,28.0,231.0,stripe|cryptobot|manual,15,9917,bots/eu/418-game-keys-shop-eu
eu-419-discord-nitro-eu,Discord Nitro Keys,eu,en,EUR,keys,standard,Discord Nitro keys and gift cards,3,28.0,231.0,stripe|cryptobot|manual,15,9918,bots/eu/419-discord-nitro-eu
eu-420-telegram-premium-eu,Telegram Premium Keys,eu,en,EUR,keys,standard,Telegram Premium keys and gift cards,3,28.0,231.0,stripe|cryptobot|manual,15,9919,bots/eu/420-telegram-premium-eu
eu-421-roblox-card-eu,Roblox Card Keys,eu,en,EUR,keys,standard,Roblox Card keys and gift cards,3,28.0,231.0,stripe|cryptobot|manual,15,9920,bots/eu/421-roblox-card-eu
eu-422-valve-key-eu,Valve Keys,eu,en,EUR,keys,standard,Valve keys and gift cards,3,28.0,231.0,stripe|cryptobot|manual,15,9921,bots/eu/422-valve-key-eu
eu-423-ea-play-eu,EA Play Keys,eu,en,EUR,keys,standard,EA Play keys and gift cards,3,28.0,231.0,stripe|cryptobot|manual,15,9922,bots/eu/423-ea-play-eu
eu-424-gamepass-eu,Game Pass Keys,eu,en,EUR,keys,standard,Game Pass keys and gift cards,3,28.0,231.0,stripe|cryptobot|manual,15,9923,bots/eu/424-gamepass-eu
eu-425-psplus-eu,PS Plus Keys,eu,en,EUR,keys,standard,PS Plus keys and gift cards,3,28.0,231.0,stripe|cryptobot|manual,15,9924,bots/eu/425-psplus-eu
eu-426-robux-topup-eu,Robux Top-Up,eu,en,EUR,topup,budget,Robux in-game currency,3,8.0,49.0,stripe|cryptobot|manual,10,9925,bots/eu/426-robux-topup-eu
eu-427-vbucks-topup-eu,V-Bucks Top-Up,eu,en,EUR,topup,budget,V-Bucks in-game currency,3,8.0,49.0,stripe|cryptobot|manual,10,9926,bots/eu/427-vbucks-topup-eu
eu-428-uc-pubg-eu,PUBG UC Top-Up,eu,en,EUR,topup,budget,PUBG UC in-game currency,3,8.0,49.0,stripe|cryptobot|manual,10,9927,bots/eu/428-uc-pubg-eu
eu-429-genshin-crystals-eu,Genshin Top-Up,eu,en,EUR,topup,budget,Genshin in-game currency,3,8.0,49.0,stripe|cryptobot|manual,10,9928,bots/eu/429-genshin-crystals-eu
eu-430-brawl-gems-eu,Brawl Stars Top-Up,eu,en,EUR,topup,budget,Brawl Stars in-game currency,3,8.0,49.0,stripe|cryptobot|manual,10,9929,bots/eu/430-brawl-gems-eu
eu-431-mlbb-diamonds-eu,Mobile Legends Top-Up,eu,en,EUR,topup,budget,Mobile Legends in-game currency,3,8.0,49.0,stripe|cryptobot|manual,10,9930,bots/eu/431-mlbb-diamonds-eu
eu-432-free-fire-diamonds-eu,Free Fire Top-Up,eu,en,EUR,topup,budget,Free Fire in-game currency,3,8.0,49.0,stripe|cryptobot|manual,10,9931,bots/eu/432-free-fire-diamonds-eu
eu-433-cod-points-eu,Call of Duty Top-Up,eu,en,EUR,topup,budget,Call of Duty in-game currency,3,8.0,49.0,stripe|cryptobot|manual,10,9932,bots/eu/433-cod-points-eu
eu-434-valorant-points-eu,Valorant Top-Up,eu,en,EUR,topup,budget,Valorant in-game currency,3,8.0,49.0,stripe|cryptobot|manual,10,9933,bots/eu/434-valorant-points-eu
eu-435-lol-rp-eu,League of Legends Top-Up,eu,en,EUR,topup,budget,League of Legends in-game currency,3,8.0,49.0,stripe|cryptobot|manual,10,9934,bots/eu/435-lol-rp-eu
eu-436-wot-gold-eu,World of Tanks Top-Up,eu,en,EUR,topup,budget,World of Tanks in-game currency,3,8.0,49.0,stripe|cryptobot|manual,10,9935,bots/eu/436-wot-gold-eu
eu-437-clash-gems-eu,Clash of Clans Top-Up,eu,en,EUR,topup,budget,Clash of Clans in-game currency,3,8.0,49.0,stripe|cryptobot|manual,10,9936,bots/eu/437-clash-gems-eu
eu-438-roblox-premium-eu,Roblox Premium Top-Up,eu,en,EUR,topup,budget,Roblox Premium in-game currency,3,8.0,49.0,stripe|cryptobot|manual,10,9937,bots/eu/438-roblox-premium-eu
eu-439-honkai-crystals-eu,Honkai Top-Up,eu,en,EUR,topup,budget,Honkai in-game currency,3,8.0,49.0,stripe|cryptobot|manual,10,9938,bots/eu/439-honkai-crystals-eu
eu-440-wow-gold-eu,WoW Top-Up,eu,en,EUR,topup,budget,WoW in-game currency,3,8.0,49.0,stripe|cryptobot|manual,10,9939,bots/eu/440-wow-gold-eu
eu-441-steam-wallet-eu,Steam Wallet Top-Up,eu,en,EUR,topup,budget,Steam Wallet in-game currency,3,8.0,49.0,stripe|cryptobot|manual,10,9940,bots/eu/441-steam-wallet-eu
eu-442-telegram-stars-topup-eu,Telegram Stars Top-Up,eu,en,EUR,topup,budget,Telegram Stars in-game currency,3,8.0,49.0,stripe|cryptobot|manual,10,9941,bots/eu/442-telegram-stars-topup-eu
eu-443-tiktok-coins-eu,TikTok Top-Up,eu,en,EUR,topup,budget,TikTok in-game currency,3,8.0,49.0,stripe|cryptobot|manual,10,9942,bots/eu/443-tiktok-coins-eu
eu-444-discord-boost-eu,Discord Boosts Top-Up,eu,en,EUR,topup,budget,Discord Boosts in-game currency,3,8.0,49.0,stripe|cryptobot|manual,10,9943,bots/eu/444-discord-boost-eu
eu-445-cs2-rank-boost-eu,CS2 Boosting,eu,en,EUR,service,standard,CS2 Boosting boosting services,3,28.0,144.0,stripe|cryptobot|manual,10,9944,bots/eu/445-cs2-rank-boost-eu
eu-446-dota-mmr-eu,Dota 2 MMR Boosting,eu,en,EUR,service,standard,Dota 2 MMR Boosting boosting services,3,28.0,144.0,stripe|cryptobot|manual,10,9945,bots/eu/446-dota-mmr-eu
eu-447-valorant-boost-eu,Valorant Boosting,eu,en,EUR,service,standard,Valorant Boosting boosting services,3,28.0,144.0,stripe|cryptobot|manual,10,9946,bots/eu/447-valorant-boost-eu
eu-448-lol-boost-eu,LoL Boosting,eu,en,EUR,service,standard,LoL Boosting boosting services,3,28.0,144.0,stripe|cryptobot|manual,10,9947,bots/eu/448-lol-boost-eu
eu-449-apex-boost-eu,Apex Boosting,eu,en,EUR,service,standard,Apex Boosting boosting services,3,28.0,144.0,stripe|cryptobot|manual,10,9948,bots/eu/449-apex-boost-eu
eu-450-wow-boost-eu,WoW Boosting,eu,en,EUR,service,standard,WoW Boosting boosting services,3,28.0,144.0,stripe|cryptobot|manual,10,9949,bots/eu/450-wow-boost-eu
eu-451-tarkov-boost-eu,Tarkov Boosting,eu,en,EUR,service,standard,Tarkov Boosting boosting services,3,28.0,144.0,stripe|cryptobot|manual,10,9950,bots/eu/451-tarkov-boost-eu
eu-452-genshin-farm-eu,Genshin Farming,eu,en,EUR,service,standard,Genshin Farming boosting services,3,28.0,144.0,stripe|cryptobot|manual,10,9951,bots/eu/452-genshin-farm-eu
eu-453-destiny-carry-eu,Destiny 2 Carries,eu,en,EUR,service,standard,Destiny 2 Carries boosting services,3,28.0,144.0,stripe|cryptobot|manual,10,9952,bots/eu/453-destiny-carry-eu
eu-454-fifa-coins-eu,FUT Coins,eu,en,EUR,service,standard,FUT Coins boosting services,3,28.0,144.0,stripe|cryptobot|manual,10,9953,bots/eu/454-fifa-coins-eu
eu-455-pubg-boost-eu,PUBG Boosting,eu,en,EUR,service,standard,PUBG Boosting boosting services,3,28.0,144.0,stripe|cryptobot|manual,10,9954,bots/eu/455-pubg-boost-eu
eu-456-cod-boost-eu,CoD Boosting,eu,en,EUR,service,standard,CoD Boosting boosting services,3,28.0,144.0,stripe|cryptobot|manual,10,9955,bots/eu/456-cod-boost-eu
eu-457-overwatch-boost-eu,Overwatch Boosting,eu,en,EUR,service,standard,Overwatch Boosting boosting services,3,28.0,144.0,stripe|cryptobot|manual,10,9956,bots/eu/457-overwatch-boost-eu
eu-458-r6-boost-eu,Rainbow Six Boosting,eu,en,EUR,service,standard,Rainbow Six Boosting boosting services,3,28.0,144.0,stripe|cryptobot|manual,10,9957,bots/eu/458-r6-boost-eu
eu-459-brawl-boost-eu,Brawl Stars Boosting,eu,en,EUR,service,standard,Brawl Stars Boosting boosting services,3,28.0,144.0,stripe|cryptobot|manual,10,9958,bots/eu/459-brawl-boost-eu
eu-460-price-monitor-eu,Price Watch Monitor,eu,en,EUR,monitor,standard,Price Watch alerts,3,13.0,103.0,stripe|cryptobot|manual,20,9959,bots/eu/460-price-monitor-eu
eu-461-wb-monitor-eu,Marketplace Price Watch Monitor,eu,en,EUR,monitor,standard,Marketplace Price Watch alerts,3,13.0,103.0,stripe|cryptobot|manual,20,9960,bots/eu/461-wb-monitor-eu
eu-462-ozon-monitor-eu,Retail Price Watch Monitor,eu,en,EUR,monitor,standard,Retail Price Watch alerts,3,13.0,103.0,stripe|cryptobot|manual,20,9961,bots/eu/462-ozon-monitor-eu
eu-463-avito-monitor-eu,Classifieds Watch Monitor,eu,en,EUR,monitor,standard,Classifieds Watch alerts,3,13.0,103.0,stripe|cryptobot|manual,20,9962,bots/eu/463-avito-monitor-eu
eu-464-steam-monitor-eu,Steam Deals Monitor,eu,en,EUR,monitor,standard,Steam Deals alerts,3,13.0,103.0,stripe|cryptobot|manual,20,9963,bots/eu/464-steam-monitor-eu
eu-465-skins-monitor-eu,Skin Price Watch Monitor,eu,en,EUR,monitor,standard,Skin Price Watch alerts,3,13.0,103.0,stripe|cryptobot|manual,20,9964,bots/eu/465-skins-monitor-eu
eu-466-crypto-alerts-eu,Crypto Alerts Monitor,eu,en,EUR,monitor,standard,Crypto Alerts alerts,3,13.0,103.0,stripe|cryptobot|ton|manual,20,9965,bots/eu/466-crypto-alerts-eu
eu-467-whale-alerts-eu,Whale Alerts Monitor,eu,en,EUR,monitor,standard,Whale Alerts alerts,3,13.0,103.0,stripe|cryptobot|manual,20,9966,bots/eu/467-whale-alerts-eu
eu-468-gas-monitor-eu,Gas Fee Watch Monitor,eu,en,EUR,monitor,standard,Gas Fee Watch alerts,3,13.0,103.0,stripe|cryptobot|manual,20,9967,bots/eu/468-gas-monitor-eu
eu-469-uptime-monitor-eu,Uptime Watch Monitor,eu,en,EUR,monitor,standard,Uptime Watch alerts,3,13.0,103.0,stripe|cryptobot|manual,20,9968,bots/eu/469-uptime-monitor-eu
eu-470-domain-monitor-eu,Domain Drop Watch Monitor,eu,en,EUR,monitor,standard,Domain Drop Watch alerts,3,13.0,103.0,stripe|cryptobot|manual,20,9969,bots/eu/470-domain-monitor-eu
eu-471-ssl-monitor-eu,SSL Expiry Watch Monitor,eu,en,EUR,monitor,standard,SSL Expiry Watch alerts,3,13.0,103.0,stripe|cryptobot|manual,20,9970,bots/eu/471-ssl-monitor-eu
eu-472-sneaker-monitor-eu,Sneaker Drops Monitor,eu,en,EUR,monitor,standard,Sneaker Drops alerts,3,13.0,103.0,stripe|cryptobot|manual,20,9971,bots/eu/472-sneaker-monitor-eu
eu-473-ticket-monitor-eu,Ticket Watch Monitor,eu,en,EUR,monitor,standard,Ticket Watch alerts,3,13.0,103.0,stripe|cryptobot|manual,20,9972,bots/eu/473-ticket-monitor-eu
eu-474-flight-monitor-eu,Flight Price Watch Monitor,eu,en,EUR,monitor,standard,Flight Price Watch alerts,3,13.0,103.0,stripe|cryptobot|manual,20,9973,bots/eu/474-flight-monitor-eu
eu-475-job-monitor-eu,Job Alerts Monitor,eu,en,EUR,monitor,standard,Job Alerts alerts,3,13.0,103.0,stripe|cryptobot|manual,20,9974,bots/eu/475-job-monitor-eu
eu-476-tender-monitor-eu,Tender Alerts Monitor,eu,en,EUR,monitor,standard,Tender Alerts alerts,3,13.0,103.0,stripe|cryptobot|manual,20,9975,bots/eu/476-tender-monitor-eu
eu-477-stock-monitor-eu,Restock Alerts Monitor,eu,en,EUR,monitor,standard,Restock Alerts alerts,3,13.0,103.0,stripe|cryptobot|manual,20,9976,bots/eu/477-stock-monitor-eu
eu-478-realty-monitor-eu,Property Alerts Monitor,eu,en,EUR,monitor,standard,Property Alerts alerts,3,13.0,103.0,stripe|cryptobot|manual,20,9977,bots/eu/478-realty-monitor-eu
eu-479-auction-monitor-eu,Auction Alerts Monitor,eu,en,EUR,monitor,standard,Auction Alerts alerts,3,13.0,103.0,stripe|cryptobot|manual,20,9978,bots/eu/479-auction-monitor-eu
eu-480-crypto-exchange-eu,Crypto Exchange,eu,en,EUR,service,premium,Crypto Exchange crypto services,3,78.0,394.0,stripe|cryptobot|ton|manual,10,9979,bots/eu/480-crypto-exchange-eu
eu-481-usdt-exchange-eu,USDT Exchange,eu,en,EUR,service,premium,USDT Exchange crypto services,3,78.0,394.0,stripe|cryptobot|ton|manual,10,9980,bots/eu/481-usdt-exchange-eu
eu-482-btc-exchange-eu,BTC Exchange,eu,en,EUR,service,premium,BTC Exchange crypto services,3,78.0,394.0,stripe|cryptobot|ton|manual,10,9981,bots/eu/482-btc-exchange-eu
eu-483-ton-exchange-eu,TON Exchange,eu,en,EUR,service,premium,TON Exchange crypto services,3,78.0,394.0,stripe|cryptobot|ton|manual,10,9982,bots/eu/483-ton-exchange-eu
eu-484-cash-crypto-eu,Crypto to Cash,eu,en,EUR,service,premium,Crypto to Cash crypto services,3,78.0,394.0,stripe|cryptobot|ton|manual,10,9983,bots/eu/484-cash-crypto-eu
eu-485-p2p-service-eu,P2P Desk,eu,en,EUR,service,premium,P2P Desk crypto services,3,78.0,394.0,stripe|cryptobot|ton|manual,10,9984,bots/eu/485-p2p-service-eu
eu-486-crypto-wallet-setup-eu,Wallet Setup,eu,en,EUR,service,premium,Wallet Setup crypto services,3,78.0,394.0,stripe|cryptobot|ton|manual,10,9985,bots/eu/486-crypto-wallet-setup-eu
eu-487-crypto-tax-help-eu,Crypto Tax Reports,eu,en,EUR,service,premium,Crypto Tax Reports crypto services,3,78.0,394.0,stripe|cryptobot|ton|manual,10,9986,bots/eu/487-crypto-tax-help-eu
eu-488-mining-rent-eu,Hashrate Rental,eu,en,EUR,service,premium,Hashrate Rental crypto services,3,78.0,394.0,stripe|cryptobot|ton|manual,10,9987,bots/eu/488-mining-rent-eu
eu-489-node-hosting-eu,Node Hosting,eu,en,EUR,service,premium,Node Hosting crypto services,3,78.0,394.0,stripe|cryptobot|ton|manual,10,9988,bots/eu/489-node-hosting-eu
eu-490-smart-audit-eu,Contract Audits,eu,en,EUR,service,premium,Contract Audits crypto services,3,78.0,394.0,stripe|cryptobot|ton|manual,10,9989,bots/eu/490-smart-audit-eu
eu-491-token-launch-eu,Token Launch,eu,en,EUR,service,premium,Token Launch crypto services,3,78.0,394.0,stripe|cryptobot|ton|manual,10,9990,bots/eu/491-token-launch-eu
eu-492-design-service-eu,Graphic Design,eu,en,EUR,service,standard,Graphic Design digital services,3,28.0,144.0,stripe|cryptobot|manual,10,9991,bots/eu/492-design-service-eu
eu-493-logo-service-eu,Logo Design,eu,en,EUR,service,standard,Logo Design digital services,3,28.0,144.0,stripe|cryptobot|manual,10,9992,bots/eu/493-logo-service-eu
eu-494-video-edit-service-eu,Video Studio,eu,en,EUR,service,standard,Video Studio digital services,3,28.0,144.0,stripe|cryptobot|manual,10,9993,bots/eu/494-video-edit-service-eu
eu-495-translate-service-eu,Translation,eu,en,EUR,service,standard,Translation digital services,3,28.0,144.0,stripe|cryptobot|manual,10,9994,bots/eu/495-translate-service-eu
eu-496-copywriting-service-eu,Copywriting,eu,en,EUR,service,standard,Copywriting digital services,3,28.0,144.0,stripe|cryptobot|manual,10,9995,bots/eu/496-copywriting-service-eu
eu-497-bot-dev-service-eu,Custom Bots,eu,en,EUR,service,standard,Custom Bots digital services,3,28.0,144.0,stripe|cryptobot|manual,10,9996,bots/eu/497-bot-dev-service-eu
eu-498-site-dev-service-eu,Web Development,eu,en,EUR,service,standard,Web Development digital services,3,28.0,144.0,stripe|cryptobot|manual,10,9997,bots/eu/498-site-dev-service-eu
eu-499-hosting-service-eu,Managed Hosting,eu,en,EUR,service,standard,Managed Hosting digital services,3,28.0,144.0,stripe|cryptobot|manual,10,9998,bots/eu/499-hosting-service-eu
eu-500-domain-service-eu,Domain Registration,eu,en,EUR,service,standard,Domain Registration digital services,3,28.0,144.0,stripe|cryptobot|manual,10,9999,bots/eu/500-domain-service-eu
